GRB ID,X-Ray dt [hr],Optical dt [hr],|dt_x - dt_o| [hr],Beta_X,Beta_X Upper Sigma,Beta_X Lower Sigma,Beta_OX,Upper Bound of Sigma_OX,Lower Bound of Sigma_OX,
ID-050509B,1.72,2.10,0.38,-0.88,0.34,0.34,-0.58,0.00,0.00
ID-050709,38.89,34.00,4.89,-1.24,0.35,0.35,-1.14,0.02,0.02
ID-050709,58.33,59.10,0.77,-1.24,0.35,0.35,-0.99,0.02,0.02
ID-050709,61.11,59.10,2.01,-1.24,0.35,0.35,-1.04,0.02,0.02
ID-050709,58.33,59.30,0.97,-1.24,0.35,0.35,-1.02,0.01,0.01
ID-050709,61.11,59.30,1.81,-1.24,0.35,0.35,-1.07,0.01,0.01
ID-050709,58.33,60.00,1.67,-1.24,0.35,0.35,-1.06,0.04,0.03
ID-050709,61.11,60.00,1.11,-1.24,0.35,0.35,-1.11,0.04,0.04
ID-050709,102.78,104.70,1.92,-1.24,0.35,0.35,-0.67,0.00,0.00
ID-050724A,9.72,11.40,1.68,-0.81,0.15,0.15,-0.67,0.04,0.04
ID-050724A,10.28,11.40,1.12,-0.81,0.15,0.15,-0.73,0.04,0.04
ID-050724A,11.39,11.40,0.01,-0.81,0.15,0.15,-0.67,0.04,0.04
ID-050724A,11.67,11.40,0.27,-0.81,0.15,0.15,-0.64,0.04,0.04
ID-050724A,11.67,11.40,0.27,-0.81,0.15,0.15,-0.67,0.04,0.04
ID-050724A,13.06,11.40,1.66,-0.81,0.15,0.15,-0.73,0.04,0.04
ID-050724A,13.33,11.40,1.93,-0.81,0.15,0.15,-0.69,0.04,0.04
ID-050724A,13.33,11.40,1.93,-0.81,0.15,0.15,-0.67,0.04,0.04
ID-050724A,9.72,11.60,1.88,-0.81,0.15,0.15,-0.69,0.03,0.04
ID-050724A,10.28,11.60,1.32,-0.81,0.15,0.15,-0.73,0.03,0.03
ID-050724A,11.39,11.60,0.21,-0.81,0.15,0.15,-0.69,0.03,0.03
ID-050724A,11.67,11.60,0.07,-0.81,0.15,0.15,-0.66,0.03,0.04
ID-050724A,11.67,11.60,0.07,-0.81,0.15,0.15,-0.69,0.03,0.04
ID-050724A,13.06,11.60,1.46,-0.81,0.15,0.15,-0.74,0.03,0.04
ID-050724A,13.33,11.60,1.73,-0.81,0.15,0.15,-0.70,0.03,0.04
ID-050724A,13.33,11.60,1.73,-0.81,0.15,0.15,-0.69,0.03,0.04
ID-050724A,9.72,11.80,2.08,-0.81,0.15,0.15,-0.67,0.04,0.04
ID-050724A,10.28,11.80,1.52,-0.81,0.15,0.15,-0.72,0.04,0.04
ID-050724A,11.39,11.80,0.41,-0.81,0.15,0.15,-0.67,0.04,0.04
ID-050724A,11.67,11.80,0.13,-0.81,0.15,0.15,-0.64,0.04,0.04
ID-050724A,11.67,11.80,0.13,-0.81,0.15,0.15,-0.67,0.04,0.04
ID-050724A,13.06,11.80,1.26,-0.81,0.15,0.15,-0.73,0.04,0.04
ID-050724A,13.33,11.80,1.53,-0.81,0.15,0.15,-0.69,0.04,0.04
ID-050724A,13.33,11.80,1.53,-0.81,0.15,0.15,-0.67,0.04,0.04
ID-050724A,9.72,11.80,2.08,-0.81,0.15,0.15,-0.66,0.03,0.04
ID-050724A,10.28,11.80,1.52,-0.81,0.15,0.15,-0.71,0.03,0.04
ID-050724A,11.39,11.80,0.41,-0.81,0.15,0.15,-0.66,0.03,0.04
ID-050724A,11.67,11.80,0.13,-0.81,0.15,0.15,-0.63,0.03,0.04
ID-050724A,11.67,11.80,0.13,-0.81,0.15,0.15,-0.66,0.03,0.04
ID-050724A,13.06,11.80,1.26,-0.81,0.15,0.15,-0.72,0.03,0.04
ID-050724A,13.33,11.80,1.53,-0.81,0.15,0.15,-0.67,0.03,0.04
ID-050724A,13.33,11.80,1.53,-0.81,0.15,0.15,-0.66,0.03,0.04
ID-050724A,9.72,12.00,2.28,-0.81,0.15,0.15,-0.00,0.00,0.00
ID-050724A,10.28,12.00,1.72,-0.81,0.15,0.15,-0.00,0.00,0.00
ID-050724A,11.39,12.00,0.61,-0.81,0.15,0.15,-0.00,0.00,0.00
ID-050724A,11.67,12.00,0.33,-0.81,0.15,0.15,-0.00,0.00,0.00
ID-050724A,11.67,12.00,0.33,-0.81,0.15,0.15,-0.00,0.00,0.00
ID-050724A,13.06,12.00,1.06,-0.81,0.15,0.15,-0.00,0.00,0.00
ID-050724A,13.33,12.00,1.33,-0.81,0.15,0.15,-0.00,0.00,0.00
ID-050724A,13.33,12.00,1.33,-0.81,0.15,0.15,-0.00,0.00,0.00
ID-050724A,11.39,14.20,2.81,-0.81,0.15,0.15,-0.00,0.00,0.00
ID-050724A,11.67,14.20,2.53,-0.81,0.15,0.15,-0.00,0.00,0.00
ID-050724A,11.67,14.20,2.53,-0.81,0.15,0.15,-0.00,0.00,0.00
ID-050724A,13.06,14.20,1.14,-0.81,0.15,0.15,-0.00,0.00,0.00
ID-050724A,13.33,14.20,0.87,-0.81,0.15,0.15,-0.00,0.00,0.00
ID-050724A,13.33,14.20,0.87,-0.81,0.15,0.15,-0.00,0.00,0.00
ID-050724A,14.44,14.20,0.24,-0.81,0.15,0.15,-0.00,0.00,0.00
ID-050724A,14.72,14.20,0.52,-0.81,0.15,0.15,-0.00,0.00,0.00
ID-050724A,16.11,14.20,1.91,-0.81,0.15,0.15,-0.00,0.00,0.00
ID-050724A,16.39,14.20,2.19,-0.81,0.15,0.15,-0.00,0.00,0.00
ID-050724A,38.89,34.80,4.09,-0.81,0.15,0.15,-0.73,0.06,0.08
ID-050724A,41.67,34.80,6.87,-0.81,0.15,0.15,-0.72,0.07,0.08
ID-050724A,38.89,34.90,3.99,-0.81,0.15,0.15,-0.72,0.04,0.05
ID-050724A,41.67,34.90,6.77,-0.81,0.15,0.15,-0.71,0.04,0.06
ID-050724A,38.89,35.00,3.89,-0.81,0.15,0.15,-0.78,0.06,0.08
ID-050724A,41.67,35.00,6.67,-0.81,0.15,0.15,-0.77,0.06,0.08
ID-050724A,38.89,36.70,2.19,-0.81,0.15,0.15,-0.00,0.00,0.00
ID-050724A,41.67,36.70,4.97,-0.81,0.15,0.15,-0.00,0.00,0.00
ID-050724A,66.67,83.10,16.43,-0.81,0.15,0.15,-0.69,0.10,0.08
ID-050724A,69.44,83.10,13.66,-0.81,0.15,0.15,-0.64,0.10,0.09
ID-051221A,3.33,3.10,0.23,-1.00,0.20,0.20,-0.68,0.03,0.03
ID-051221A,3.33,3.40,0.07,-1.00,0.20,0.20,-0.66,0.03,0.03
ID-051221A,27.78,26.90,0.88,-1.00,0.20,0.20,-0.80,0.04,0.04
ID-051221A,27.78,27.20,0.58,-1.00,0.20,0.20,-0.76,0.06,0.06
ID-051221A,55.56,51.00,4.56,-1.00,0.20,0.20,-0.65,0.10,0.08
ID-051221A,41.67,51.00,9.33,-1.00,0.20,0.20,-0.59,0.09,0.07
ID-051221A,44.44,51.00,6.56,-1.00,0.20,0.20,-0.60,0.09,0.07
ID-051221A,55.56,51.30,4.26,-1.00,0.20,0.20,-0.67,0.10,0.08
ID-051221A,41.67,51.30,9.63,-1.00,0.20,0.20,-0.62,0.10,0.07
ID-051221A,44.44,51.30,6.86,-1.00,0.20,0.20,-0.63,0.10,0.07
ID-051221A,55.56,51.60,3.96,-1.00,0.20,0.20,-0.69,0.04,0.04
ID-051221A,41.67,51.60,9.93,-1.00,0.20,0.20,-0.63,0.04,0.03
ID-051221A,44.44,51.60,7.16,-1.00,0.20,0.20,-0.64,0.04,0.04
ID-051221A,69.44,75.70,6.26,-1.00,0.20,0.20,-0.68,0.08,0.07
ID-051221A,86.11,75.70,10.41,-1.00,0.20,0.20,-0.75,0.08,0.08
ID-051221A,105.56,123.60,18.04,-1.00,0.20,0.20,-0.73,0.07,0.07
ID-051221A,130.56,123.60,6.96,-1.00,0.20,0.20,-0.72,0.07,0.07
ID-051221A,108.33,123.60,15.27,-1.00,0.20,0.20,-0.71,0.06,0.06
ID-051221A,111.11,123.60,12.49,-1.00,0.20,0.20,-0.72,0.06,0.06
ID-051221A,113.89,123.60,9.71,-1.00,0.20,0.20,-0.73,0.06,0.06
ID-051221A,130.56,147.80,17.24,-1.00,0.20,0.20,-0.64,0.03,0.03
ID-051221A,152.78,147.80,4.98,-1.00,0.20,0.20,-0.69,0.03,0.04
ID-060121,3.06,2.60,0.46,-1.07,0.16,0.16,-0.37,0.09,0.09
ID-060121,3.06,2.60,0.46,-1.07,0.16,0.16,-0.43,0.09,0.08
ID-060121,3.06,2.60,0.46,-1.07,0.16,0.16,-0.42,0.09,0.08
ID-060121,3.06,2.60,0.46,-1.07,0.16,0.16,-0.41,0.09,0.09
ID-060121,3.06,2.60,0.46,-1.07,0.16,0.16,-0.46,0.26,0.00
ID-060121,3.06,2.70,0.36,-1.07,0.16,0.16,-0.44,0.07,0.07
ID-060121,3.06,2.70,0.36,-1.07,0.16,0.16,-0.49,0.07,0.07
ID-060121,3.06,2.70,0.36,-1.07,0.16,0.16,-0.48,0.07,0.07
ID-060121,3.06,2.70,0.36,-1.07,0.16,0.16,-0.48,0.07,0.07
ID-060121,3.06,2.70,0.36,-1.07,0.16,0.16,-0.53,0.23,0.00
ID-060121,3.06,2.80,0.26,-1.07,0.16,0.16,-0.29,0.08,0.08
ID-060121,3.06,2.80,0.26,-1.07,0.16,0.16,-0.35,0.08,0.08
ID-060121,3.06,2.80,0.26,-1.07,0.16,0.16,-0.34,0.08,0.08
ID-060121,3.06,2.80,0.26,-1.07,0.16,0.16,-0.33,0.08,0.08
ID-060121,3.06,2.80,0.26,-1.07,0.16,0.16,-0.38,0.25,0.00
ID-060121,3.33,2.80,0.53,-1.07,0.16,0.16,-0.31,0.08,0.08
ID-060121,3.33,2.80,0.53,-1.07,0.16,0.16,-0.32,0.08,0.08
ID-060121,3.33,2.80,0.53,-1.07,0.16,0.16,-0.29,0.08,0.08
ID-060121,3.33,2.80,0.53,-1.07,0.16,0.16,-0.37,0.09,0.09
ID-060121,3.33,2.80,0.53,-1.07,0.16,0.16,-0.37,0.08,0.07
ID-060121,3.33,3.90,0.57,-1.07,0.16,0.16,-0.12,0.09,0.08
ID-060121,3.33,3.90,0.57,-1.07,0.16,0.16,-0.12,0.09,0.08
ID-060121,3.33,3.90,0.57,-1.07,0.16,0.16,-0.10,0.09,0.08
ID-060121,3.33,3.90,0.57,-1.07,0.16,0.16,-0.18,0.09,0.09
ID-060121,3.33,3.90,0.57,-1.07,0.16,0.16,-0.17,0.09,0.08
ID-060121,4.44,3.90,0.54,-1.07,0.16,0.16,-0.22,0.09,0.09
ID-060121,4.44,3.90,0.54,-1.07,0.16,0.16,-0.24,0.09,0.09
ID-060121,4.44,3.90,0.54,-1.07,0.16,0.16,-0.17,0.09,0.09
ID-060121,4.44,4.40,0.04,-1.07,0.16,0.16,-0.45,0.07,0.07
ID-060121,4.44,4.40,0.04,-1.07,0.16,0.16,-0.47,0.07,0.08
ID-060121,4.44,4.40,0.04,-1.07,0.16,0.16,-0.39,0.07,0.07
ID-060121,4.72,4.40,0.32,-1.07,0.16,0.16,-0.44,0.07,0.08
ID-060121,4.72,4.40,0.32,-1.07,0.16,0.16,-0.43,0.07,0.07
ID-060121,4.72,4.40,0.32,-1.07,0.16,0.16,-0.43,0.07,0.07
ID-060121,5.00,4.40,0.60,-1.07,0.16,0.16,-0.42,0.07,0.07
ID-060121,5.00,4.40,0.60,-1.07,0.16,0.16,-0.40,0.07,0.08
ID-060121,5.00,4.40,0.60,-1.07,0.16,0.16,-0.51,0.06,0.06
ID-060121,4.44,5.40,0.96,-1.07,0.16,0.16,-0.24,0.12,0.10
ID-060121,4.44,5.40,0.96,-1.07,0.16,0.16,-0.26,0.12,0.10
ID-060121,4.44,5.40,0.96,-1.07,0.16,0.16,-0.18,0.12,0.10
ID-060121,4.72,5.40,0.68,-1.07,0.16,0.16,-0.23,0.12,0.10
ID-060121,4.72,5.40,0.68,-1.07,0.16,0.16,-0.22,0.12,0.10
ID-060121,4.72,5.40,0.68,-1.07,0.16,0.16,-0.21,0.12,0.10
ID-060121,5.00,5.40,0.40,-1.07,0.16,0.16,-0.20,0.12,0.10
ID-060121,5.00,5.40,0.40,-1.07,0.16,0.16,-0.18,0.12,0.10
ID-060121,5.00,5.40,0.40,-1.07,0.16,0.16,-0.29,0.11,0.09
ID-060121,6.11,5.40,0.71,-1.07,0.16,0.16,-0.26,0.12,0.10
ID-060121,4.72,5.60,0.88,-1.07,0.16,0.16,-0.21,0.07,0.08
ID-060121,4.72,5.60,0.88,-1.07,0.16,0.16,-0.20,0.07,0.08
ID-060121,4.72,5.60,0.88,-1.07,0.16,0.16,-0.19,0.07,0.08
ID-060121,5.00,5.60,0.60,-1.07,0.16,0.16,-0.19,0.07,0.08
ID-060121,5.00,5.60,0.60,-1.07,0.16,0.16,-0.17,0.07,0.08
ID-060121,5.00,5.60,0.60,-1.07,0.16,0.16,-0.28,0.06,0.07
ID-060121,6.11,5.60,0.51,-1.07,0.16,0.16,-0.25,0.07,0.07
ID-060121,6.11,6.50,0.39,-1.07,0.16,0.16,-0.24,0.04,0.05
ID-060121,6.11,7.30,1.19,-1.07,0.16,0.16,-0.26,0.06,0.07
ID-060121,6.11,7.30,1.19,-1.07,0.16,0.16,-0.29,0.08,0.08
ID-060121,6.11,7.40,1.29,-1.07,0.16,0.16,-0.58,0.04,0.05
ID-060121,6.11,7.60,1.49,-1.07,0.16,0.16,-0.00,0.00,0.00
ID-060121,24.72,30.00,5.28,-1.07,0.16,0.16,-0.47,0.03,0.03
ID-060121,44.44,51.50,7.06,-1.07,0.16,0.16,-0.52,0.08,0.08
ID-060121,47.22,51.50,4.28,-1.07,0.16,0.16,-0.43,0.08,0.08
ID-060121,50.00,51.50,1.50,-1.07,0.16,0.16,-0.45,0.08,0.08
ID-060121,55.56,51.50,4.06,-1.07,0.16,0.16,-0.61,0.08,0.09
ID-060121,116.67,127.80,11.13,-1.07,0.16,0.16,-0.53,0.00,0.00
ID-060313,1.17,1.20,0.03,-0.96,0.09,0.09,-0.54,0.09,0.11
ID-060313,1.19,1.20,0.01,-0.96,0.09,0.09,-0.52,0.08,0.10
ID-060313,1.22,1.20,0.02,-0.96,0.09,0.09,-0.49,0.08,0.10
ID-060313,1.25,1.20,0.05,-0.96,0.09,0.09,-0.55,0.08,0.10
ID-060313,1.31,1.20,0.11,-0.96,0.09,0.09,-0.55,0.08,0.10
ID-060313,1.33,1.20,0.13,-0.96,0.09,0.09,-0.56,0.08,0.10
ID-060313,1.36,1.20,0.16,-0.96,0.09,0.09,-0.56,0.08,0.11
ID-060313,1.39,1.20,0.19,-0.96,0.09,0.09,-0.44,0.08,0.10
ID-060313,1.42,1.20,0.22,-0.96,0.09,0.09,-0.59,0.08,0.10
ID-060313,1.17,1.30,0.13,-0.96,0.09,0.09,-0.45,0.11,0.13
ID-060313,1.19,1.30,0.11,-0.96,0.09,0.09,-0.44,0.11,0.12
ID-060313,1.22,1.30,0.08,-0.96,0.09,0.09,-0.41,0.11,0.12
ID-060313,1.25,1.30,0.05,-0.96,0.09,0.09,-0.47,0.11,0.12
ID-060313,1.31,1.30,0.01,-0.96,0.09,0.09,-0.47,0.11,0.12
ID-060313,1.33,1.30,0.03,-0.96,0.09,0.09,-0.48,0.11,0.12
ID-060313,1.36,1.30,0.06,-0.96,0.09,0.09,-0.48,0.11,0.13
ID-060313,1.39,1.30,0.09,-0.96,0.09,0.09,-0.35,0.11,0.12
ID-060313,1.42,1.30,0.12,-0.96,0.09,0.09,-0.52,0.11,0.12
ID-060313,1.44,1.30,0.14,-0.96,0.09,0.09,-0.53,0.11,0.12
ID-060313,1.50,1.30,0.20,-0.96,0.09,0.09,-0.58,0.11,0.12
ID-060313,1.53,1.30,0.23,-0.96,0.09,0.09,-0.55,0.11,0.12
ID-060313,1.22,1.50,0.28,-0.96,0.09,0.09,-0.26,0.13,0.14
ID-060313,1.25,1.50,0.25,-0.96,0.09,0.09,-0.33,0.13,0.14
ID-060313,1.31,1.50,0.19,-0.96,0.09,0.09,-0.33,0.13,0.14
ID-060313,1.33,1.50,0.17,-0.96,0.09,0.09,-0.35,0.13,0.14
ID-060313,1.36,1.50,0.14,-0.96,0.09,0.09,-0.35,0.14,0.15
ID-060313,1.39,1.50,0.11,-0.96,0.09,0.09,-0.19,0.13,0.15
ID-060313,1.42,1.50,0.08,-0.96,0.09,0.09,-0.39,0.13,0.14
ID-060313,1.44,1.50,0.06,-0.96,0.09,0.09,-0.40,0.13,0.14
ID-060313,1.50,1.50,0.00,-0.96,0.09,0.09,-0.46,0.13,0.14
ID-060313,1.53,1.50,0.03,-0.96,0.09,0.09,-0.42,0.13,0.14
ID-060313,1.58,1.50,0.08,-0.96,0.09,0.09,-0.30,0.13,0.15
ID-060313,1.61,1.50,0.11,-0.96,0.09,0.09,-0.47,0.13,0.15
ID-060313,1.67,1.50,0.17,-0.96,0.09,0.09,-0.33,0.13,0.15
ID-060313,1.69,1.50,0.19,-0.96,0.09,0.09,-0.40,0.13,0.14
ID-060313,1.75,1.50,0.25,-0.96,0.09,0.09,-0.37,0.13,0.15
ID-060313,1.36,1.70,0.34,-0.96,0.09,0.09,-0.56,0.11,0.12
ID-060313,1.39,1.70,0.31,-0.96,0.09,0.09,-0.43,0.11,0.12
ID-060313,1.42,1.70,0.28,-0.96,0.09,0.09,-0.59,0.11,0.11
ID-060313,1.44,1.70,0.26,-0.96,0.09,0.09,-0.61,0.11,0.11
ID-060313,1.50,1.70,0.20,-0.96,0.09,0.09,-0.65,0.10,0.11
ID-060313,1.53,1.70,0.17,-0.96,0.09,0.09,-0.62,0.10,0.11
ID-060313,1.58,1.70,0.12,-0.96,0.09,0.09,-0.52,0.11,0.12
ID-060313,1.61,1.70,0.09,-0.96,0.09,0.09,-0.66,0.11,0.12
ID-060313,1.67,1.70,0.03,-0.96,0.09,0.09,-0.55,0.11,0.12
ID-060313,1.69,1.70,0.01,-0.96,0.09,0.09,-0.60,0.11,0.12
ID-060313,1.75,1.70,0.05,-0.96,0.09,0.09,-0.58,0.11,0.12
ID-060313,1.81,1.70,0.11,-0.96,0.09,0.09,-0.58,0.10,0.10
ID-060313,2.78,2.90,0.12,-0.96,0.09,0.09,-0.48,0.19,0.16
ID-060313,2.78,2.90,0.12,-0.96,0.09,0.09,-0.46,0.19,0.17
ID-060313,3.06,2.90,0.16,-0.96,0.09,0.09,-0.38,0.19,0.17
ID-060313,3.06,2.90,0.16,-0.96,0.09,0.09,-0.44,0.19,0.16
ID-060313,3.06,2.90,0.16,-0.96,0.09,0.09,-0.46,0.19,0.16
ID-060313,3.06,2.90,0.16,-0.96,0.09,0.09,-0.50,0.19,0.17
ID-060313,3.33,2.90,0.43,-0.96,0.09,0.09,-0.49,0.19,0.16
ID-060313,3.33,2.90,0.43,-0.96,0.09,0.09,-0.49,0.18,0.15
ID-060313,2.78,3.10,0.32,-0.96,0.09,0.09,-0.65,0.10,0.12
ID-060313,2.78,3.10,0.32,-0.96,0.09,0.09,-0.63,0.10,0.12
ID-060313,3.06,3.10,0.04,-0.96,0.09,0.09,-0.55,0.10,0.12
ID-060313,3.06,3.10,0.04,-0.96,0.09,0.09,-0.61,0.10,0.12
ID-060313,3.06,3.10,0.04,-0.96,0.09,0.09,-0.62,0.10,0.12
ID-060313,3.06,3.10,0.04,-0.96,0.09,0.09,-0.67,0.10,0.12
ID-060313,3.33,3.10,0.23,-0.96,0.09,0.09,-0.66,0.10,0.12
ID-060313,3.33,3.10,0.23,-0.96,0.09,0.09,-0.66,0.09,0.11
ID-060313,2.78,3.30,0.52,-0.96,0.09,0.09,-0.53,0.11,0.12
ID-060313,2.78,3.30,0.52,-0.96,0.09,0.09,-0.51,0.11,0.12
ID-060313,3.06,3.30,0.24,-0.96,0.09,0.09,-0.43,0.11,0.12
ID-060313,3.06,3.30,0.24,-0.96,0.09,0.09,-0.49,0.10,0.12
ID-060313,3.06,3.30,0.24,-0.96,0.09,0.09,-0.50,0.10,0.12
ID-060313,3.06,3.30,0.24,-0.96,0.09,0.09,-0.54,0.11,0.12
ID-060313,3.33,3.30,0.03,-0.96,0.09,0.09,-0.54,0.10,0.12
ID-060313,3.33,3.30,0.03,-0.96,0.09,0.09,-0.53,0.10,0.11
ID-060313,4.44,4.50,0.06,-0.96,0.09,0.09,-0.71,0.16,0.14
ID-060313,4.44,4.50,0.06,-0.96,0.09,0.09,-0.64,0.16,0.15
ID-060313,4.72,4.50,0.22,-0.96,0.09,0.09,-0.65,0.16,0.15
ID-060313,5.00,4.50,0.50,-0.96,0.09,0.09,-0.66,0.16,0.13
ID-060313,5.00,6.10,1.10,-0.96,0.09,0.09,-0.50,0.14,0.13
ID-060313,6.11,6.10,0.01,-0.96,0.09,0.09,-0.66,0.15,0.15
ID-060313,6.39,6.10,0.29,-0.96,0.09,0.09,-0.54,0.14,0.15
ID-060313,6.39,6.10,0.29,-0.96,0.09,0.09,-0.63,0.14,0.14
ID-060313,6.11,6.30,0.19,-0.96,0.09,0.09,-0.64,0.18,0.16
ID-060313,6.39,6.30,0.09,-0.96,0.09,0.09,-0.52,0.17,0.16
ID-060313,6.39,6.30,0.09,-0.96,0.09,0.09,-0.60,0.17,0.15
ID-060313,6.11,6.60,0.49,-0.96,0.09,0.09,-0.78,0.11,0.13
ID-060313,6.39,6.60,0.21,-0.96,0.09,0.09,-0.67,0.10,0.12
ID-060313,6.39,6.60,0.21,-0.96,0.09,0.09,-0.75,0.10,0.12
ID-060313,7.78,6.60,1.18,-0.96,0.09,0.09,-0.72,0.11,0.12
ID-060313,7.78,9.60,1.82,-0.96,0.09,0.09,-0.56,0.18,0.16
ID-060313,8.06,9.60,1.54,-0.96,0.09,0.09,-0.66,0.17,0.15
ID-060313,9.44,9.60,0.16,-0.96,0.09,0.09,-0.73,0.18,0.16
ID-060313,8.06,9.80,1.74,-0.96,0.09,0.09,-0.65,0.20,0.15
ID-060313,9.44,9.80,0.36,-0.96,0.09,0.09,-0.71,0.20,0.16
ID-060313,11.67,9.80,1.87,-0.96,0.09,0.09,-0.72,0.21,0.17
ID-060313,24.17,24.20,0.03,-0.96,0.09,0.09,-0.91,0.09,0.12
ID-070429B,4.44,4.80,0.36,-2.00,0.63,0.63,-0.00,0.00,0.00
ID-070707,11.39,11.00,0.39,0.00,0.00,0.00,-0.42,0.03,0.04
ID-070707,113.89,108.00,5.89,0.00,0.00,0.00,-0.12,0.04,0.03
ID-070714B,0.24,0.20,0.04,-1.07,0.19,0.19,-0.47,0.08,0.09
ID-070714B,0.24,0.27,0.03,-1.07,0.19,0.19,-0.49,0.06,0.08
ID-070724A,3.06,2.80,0.26,-0.60,0.25,0.25,-0.79,0.08,0.12
ID-070724A,3.06,3.10,0.04,-0.60,0.25,0.25,-0.70,0.08,0.12
ID-070724A,3.06,3.40,0.34,-0.60,0.25,0.25,-0.79,0.07,0.12
ID-070724A,3.06,3.70,0.64,-0.60,0.25,0.25,-0.78,0.08,0.12
ID-080503,108.33,97.10,11.23,-1.53,0.26,0.12,-0.66,0.09,0.13
ID-080503,108.33,125.00,16.67,-1.53,0.26,0.12,-0.78,0.05,0.08
ID-080503,108.33,128.60,20.27,-1.53,0.26,0.12,-0.27,0.06,0.10
ID-090305A,1.33,1.20,0.13,0.00,0.00,0.00,-1.11,0.01,0.01
ID-090305A,1.33,1.30,0.03,0.00,0.00,0.00,-1.03,0.00,0.00
ID-090305A,1.33,1.30,0.03,0.00,0.00,0.00,-1.12,0.02,0.01
ID-090305A,1.33,1.30,0.03,0.00,0.00,0.00,-1.07,0.02,0.02
ID-090305A,1.33,1.30,0.03,0.00,0.00,0.00,-1.06,0.02,0.02
ID-090305A,1.33,1.40,0.07,0.00,0.00,0.00,-1.09,0.01,0.01
ID-090305A,1.33,1.50,0.17,0.00,0.00,0.00,-1.09,0.04,0.03
ID-090305A,1.33,1.50,0.17,0.00,0.00,0.00,-1.07,0.02,0.02
ID-090305A,1.33,1.60,0.27,0.00,0.00,0.00,-1.09,0.01,0.01
ID-090305A,1.33,1.60,0.27,0.00,0.00,0.00,-1.05,0.00,0.00
ID-090305A,1.33,1.60,0.27,0.00,0.00,0.00,-1.09,0.02,0.02
ID-090426A,0.28,0.29,0.01,-1.04,0.09,0.09,-0.72,0.04,0.05
ID-090426A,0.31,0.29,0.02,-1.04,0.09,0.09,-0.75,0.05,0.05
ID-090426A,0.33,0.29,0.04,-1.04,0.09,0.09,-0.72,0.04,0.05
ID-090426A,0.28,0.31,0.03,-1.04,0.09,0.09,-0.71,0.05,0.06
ID-090426A,0.31,0.31,0.00,-1.04,0.09,0.09,-0.74,0.05,0.06
ID-090426A,0.33,0.31,0.02,-1.04,0.09,0.09,-0.71,0.05,0.06
ID-090426A,0.28,0.33,0.05,-1.04,0.09,0.09,-0.70,0.05,0.06
ID-090426A,0.31,0.33,0.02,-1.04,0.09,0.09,-0.73,0.05,0.06
ID-090426A,0.33,0.33,0.00,-1.04,0.09,0.09,-0.70,0.05,0.06
ID-090426A,0.39,0.33,0.06,-1.04,0.09,0.09,-0.77,0.05,0.06
ID-090426A,0.31,0.36,0.05,-1.04,0.09,0.09,-0.70,0.05,0.06
ID-090426A,0.33,0.36,0.03,-1.04,0.09,0.09,-0.68,0.05,0.06
ID-090426A,0.39,0.36,0.03,-1.04,0.09,0.09,-0.75,0.05,0.06
ID-090426A,0.42,0.36,0.06,-1.04,0.09,0.09,-0.68,0.05,0.06
ID-090426A,0.31,0.38,0.07,-1.04,0.09,0.09,-0.70,0.05,0.06
ID-090426A,0.33,0.38,0.05,-1.04,0.09,0.09,-0.67,0.05,0.06
ID-090426A,0.39,0.38,0.01,-1.04,0.09,0.09,-0.74,0.05,0.06
ID-090426A,0.42,0.38,0.04,-1.04,0.09,0.09,-0.67,0.05,0.06
ID-090426A,0.44,0.38,0.06,-1.04,0.09,0.09,-0.68,0.05,0.06
ID-090426A,0.33,0.40,0.07,-1.04,0.09,0.09,-0.66,0.05,0.06
ID-090426A,0.39,0.40,0.01,-1.04,0.09,0.09,-0.73,0.05,0.06
ID-090426A,0.42,0.40,0.02,-1.04,0.09,0.09,-0.66,0.05,0.06
ID-090426A,0.44,0.40,0.04,-1.04,0.09,0.09,-0.67,0.05,0.06
ID-090426A,0.47,0.40,0.07,-1.04,0.09,0.09,-0.77,0.05,0.06
ID-090426A,0.39,0.42,0.03,-1.04,0.09,0.09,-0.74,0.05,0.06
ID-090426A,0.42,0.42,0.00,-1.04,0.09,0.09,-0.67,0.05,0.06
ID-090426A,0.44,0.42,0.02,-1.04,0.09,0.09,-0.68,0.05,0.06
ID-090426A,0.47,0.42,0.05,-1.04,0.09,0.09,-0.77,0.05,0.06
ID-090426A,0.44,0.53,0.09,-1.04,0.09,0.09,-0.60,0.05,0.06
ID-090426A,0.47,0.53,0.06,-1.04,0.09,0.09,-0.69,0.05,0.06
ID-090426A,0.53,0.53,0.00,-1.04,0.09,0.09,-0.74,0.05,0.06
ID-090426A,0.61,0.53,0.08,-1.04,0.09,0.09,-0.67,0.05,0.05
ID-090426A,0.61,0.71,0.10,-1.04,0.09,0.09,-0.63,0.05,0.05
ID-090426A,1.56,1.40,0.16,-1.04,0.09,0.09,-0.75,0.06,0.07
ID-090426A,1.67,1.40,0.27,-1.04,0.09,0.09,-0.75,0.23,0.00
ID-090426A,1.56,1.60,0.04,-1.04,0.09,0.09,-0.73,0.06,0.07
ID-090426A,1.67,1.60,0.07,-1.04,0.09,0.09,-0.73,0.23,0.00
ID-090426A,1.78,1.60,0.18,-1.04,0.09,0.09,-0.78,0.06,0.07
ID-090426A,1.92,1.60,0.32,-1.04,0.09,0.09,-0.78,0.06,0.07
ID-090426A,1.67,2.00,0.33,-1.04,0.09,0.09,-0.71,0.23,0.00
ID-090426A,1.78,2.00,0.22,-1.04,0.09,0.09,-0.76,0.06,0.07
ID-090426A,1.92,2.00,0.08,-1.04,0.09,0.09,-0.76,0.06,0.07
ID-090426A,2.11,2.00,0.11,-1.04,0.09,0.09,-0.77,0.06,0.06
ID-090426A,1.92,2.30,0.38,-1.04,0.09,0.09,-0.72,0.06,0.07
ID-090426A,2.11,2.30,0.19,-1.04,0.09,0.09,-0.74,0.06,0.06
ID-090426A,2.11,2.60,0.49,-1.04,0.09,0.09,-0.75,0.06,0.06
ID-090510,11.39,9.50,1.89,-0.75,0.08,0.08,-0.95,0.10,0.10
ID-090510,11.39,9.70,1.69,-0.75,0.08,0.08,-0.87,0.17,0.13
ID-090510,11.39,9.80,1.59,-0.75,0.08,0.08,-0.92,0.11,0.11
ID-100117A,8.61,8.30,0.31,-1.60,0.30,0.30,-0.75,0.08,0.09
ID-110112A,12.50,15.40,2.90,-1.20,0.20,0.20,-0.93,0.10,0.12
ID-111020A,19.17,17.80,1.37,-1.04,0.16,0.16,-0.53,0.01,0.01
ID-111020A,19.17,17.80,1.37,-1.04,0.16,0.16,-0.47,0.01,0.01
ID-111020A,19.17,18.50,0.67,-1.04,0.16,0.16,-0.42,0.01,0.01
ID-111117A,15.28,13.70,1.58,-1.00,0.20,0.20,-0.65,0.05,0.07
ID-120804A,4.72,5.50,0.78,-1.10,0.10,0.10,0.03,0.08,0.08
ID-120804A,6.39,5.50,0.89,-1.10,0.10,0.10,-0.07,0.07,0.07
ID-130603B,1.72,2.10,0.38,-1.20,0.10,0.10,-0.64,0.04,0.06
ID-130603B,1.72,2.10,0.38,-1.20,0.10,0.10,-0.54,0.04,0.06
ID-130603B,1.75,2.10,0.35,-1.20,0.10,0.10,-0.53,0.04,0.05
ID-130603B,1.78,2.10,0.32,-1.20,0.10,0.10,-0.60,0.04,0.06
ID-130603B,1.81,2.10,0.29,-1.20,0.10,0.10,-0.59,0.04,0.05
ID-130603B,2.72,2.40,0.32,-1.20,0.10,0.10,-0.44,0.09,0.09
ID-130603B,2.75,2.40,0.35,-1.20,0.10,0.10,-0.52,0.09,0.09
ID-130603B,2.78,2.40,0.38,-1.20,0.10,0.10,-0.54,0.09,0.09
ID-130603B,4.72,5.90,1.18,-1.20,0.10,0.10,-0.65,0.04,0.05
ID-130603B,5.83,5.90,0.07,-1.20,0.10,0.10,-0.67,0.04,0.05
ID-130603B,6.11,5.90,0.21,-1.20,0.10,0.10,-0.67,0.04,0.05
ID-130603B,5.83,6.10,0.27,-1.20,0.10,0.10,-0.73,0.04,0.05
ID-130603B,6.11,6.10,0.01,-1.20,0.10,0.10,-0.73,0.04,0.05
ID-130603B,5.83,6.60,0.77,-1.20,0.10,0.10,-0.69,0.04,0.05
ID-130603B,6.11,6.60,0.49,-1.20,0.10,0.10,-0.69,0.04,0.05
ID-130603B,7.78,6.60,1.18,-1.20,0.10,0.10,-0.83,0.06,0.08
ID-130603B,5.83,6.70,0.87,-1.20,0.10,0.10,-0.62,0.05,0.06
ID-130603B,6.11,6.70,0.59,-1.20,0.10,0.10,-0.62,0.05,0.06
ID-130603B,7.78,6.70,1.08,-1.20,0.10,0.10,-0.77,0.07,0.09
ID-130603B,5.83,7.00,1.17,-1.20,0.10,0.10,-0.65,0.04,0.05
ID-130603B,6.11,7.00,0.89,-1.20,0.10,0.10,-0.65,0.04,0.05
ID-130603B,7.78,7.00,0.78,-1.20,0.10,0.10,-0.79,0.05,0.08
ID-130603B,5.83,7.10,1.27,-1.20,0.10,0.10,-0.55,0.04,0.05
ID-130603B,6.11,7.10,0.99,-1.20,0.10,0.10,-0.55,0.04,0.05
ID-130603B,7.78,7.10,0.68,-1.20,0.10,0.10,-0.69,0.06,0.08
ID-130603B,7.78,7.90,0.12,-1.20,0.10,0.10,-0.71,0.06,0.09
ID-130603B,7.78,8.20,0.42,-1.20,0.10,0.10,-0.75,0.05,0.08
ID-130603B,7.78,9.00,1.22,-1.20,0.10,0.10,-0.79,0.07,0.09
ID-130603B,10.00,9.00,1.00,-1.20,0.10,0.10,-0.90,0.06,0.07
ID-130603B,11.67,14.40,2.73,-1.20,0.10,0.10,-0.72,0.04,0.05
ID-130603B,13.33,14.40,1.07,-1.20,0.10,0.10,-0.86,0.04,0.05
ID-130603B,11.67,14.50,2.83,-1.20,0.10,0.10,-0.74,0.04,0.05
ID-130603B,13.33,14.50,1.17,-1.20,0.10,0.10,-0.87,0.04,0.05
ID-130603B,13.33,14.60,1.27,-1.20,0.10,0.10,-0.83,0.04,0.05
ID-130603B,13.33,14.70,1.37,-1.20,0.10,0.10,-0.88,0.06,0.06
ID-130603B,13.33,14.80,1.47,-1.20,0.10,0.10,-0.79,0.04,0.05
ID-130603B,13.33,15.00,1.67,-1.20,0.10,0.10,-0.73,0.05,0.06
ID-130603B,41.67,38.20,3.47,-1.20,0.10,0.10,-0.65,0.20,0.00
ID-130603B,41.67,38.40,3.27,-1.20,0.10,0.10,-0.64,0.23,0.00
ID-130603B,41.67,38.60,3.07,-1.20,0.10,0.10,-0.74,0.18,0.00
ID-130603B,41.67,38.60,3.07,-1.20,0.10,0.10,-0.98,0.17,0.00
ID-130912A,0.27,0.27,0.00,-0.57,0.13,0.13,-0.10,0.07,0.07
ID-130912A,0.31,0.27,0.04,-0.57,0.13,0.13,-0.22,0.07,0.07
ID-130912A,0.31,0.38,0.07,-0.57,0.13,0.13,-0.25,0.07,0.07
ID-130912A,0.33,0.38,0.05,-0.57,0.13,0.13,-0.37,0.07,0.07
ID-130912A,0.36,0.38,0.02,-0.57,0.13,0.13,-0.37,0.07,0.07
ID-130912A,0.39,0.38,0.01,-0.57,0.13,0.13,-0.36,0.07,0.07
ID-130912A,0.42,0.38,0.04,-0.57,0.13,0.13,-0.34,0.06,0.06
ID-131004A,3.06,2.80,0.26,-0.80,0.30,0.30,-0.55,0.05,0.06
ID-131004A,3.06,2.80,0.26,-0.80,0.30,0.30,-0.60,0.05,0.05
ID-131004A,3.06,2.80,0.26,-0.80,0.30,0.30,-0.63,0.05,0.05
ID-131004A,3.06,2.80,0.26,-0.80,0.30,0.30,-0.62,0.05,0.05
ID-131004A,3.06,2.80,0.26,-0.80,0.30,0.30,-0.77,0.05,0.06
ID-131004A,3.06,2.80,0.26,-0.80,0.30,0.30,-0.70,0.06,0.06
ID-131004A,3.06,2.80,0.26,-0.80,0.30,0.30,-0.71,0.03,0.03
ID-131004A,6.67,7.30,0.63,-0.80,0.30,0.30,-0.54,0.04,0.05
ID-131004A,6.67,7.30,0.63,-0.80,0.30,0.30,-0.55,0.04,0.05
ID-131004A,6.67,7.30,0.63,-0.80,0.30,0.30,-0.60,0.04,0.05
ID-131004A,6.67,7.30,0.63,-0.80,0.30,0.30,-0.67,0.04,0.05
ID-131004A,6.67,7.30,0.63,-0.80,0.30,0.30,-0.60,0.03,0.05
ID-131004A,6.67,7.30,0.63,-0.80,0.30,0.30,-0.58,0.03,0.04
ID-140903A,11.67,12.20,0.53,-0.60,0.10,0.10,-0.65,0.12,0.10
ID-140903A,12.78,12.20,0.58,-0.60,0.10,0.10,-0.58,0.12,0.10
ID-140930B,2.69,3.00,0.31,-0.73,0.28,0.28,-0.80,0.03,0.03
ID-141212A,5.83,5.40,0.43,-1.70,2.75,0.81,-0.00,0.00,0.00
ID-150101B,191.67,231.00,39.33,-0.67,0.17,0.17,-0.94,0.01,0.02
ID-150120A,2.31,2.00,0.31,-1.00,0.31,0.31,-0.39,0.00,0.00
