GRB ID,X-Ray dt [hr],X-Ray Exposure Time [s],F_x [uJy],Sigma_x [uJy],Beta_X,Beta_X Upper Sigma,Lower Sigma,Optical dt [hr],Telescope,Instrument,Filter,Optical Exposure Time [s],F_o [uJy],Sigma_o [uJy],Wavelength_X [nm],Frequency_X [Hz],Wavelength_o [nm],Frequency_o [Hz],Beta_OX, Bound of Sigma_OX,Lower Bound of Sigma_OX,

ID-050509B,1.7222222222222223,2000.0,0.02,0.0,-0.88,0.34,0.34,2.1,WIYN,OPTIC,r,0,0.75,0.0,2.415e+17,480000000000000.0,-0.5826129141029721,0.0,0.0
ID-050709,38.888888888888886,15000.0,0.0019,0.00014,-1.24,0.35,0.35,34.0,Danishtel.,DFOSC,R,0,2.34,0.12,2.415e+17,463000000000000.0,-1.1373131966768488,0.01977651883439491,0.020225757844447297
ID-050709,58.333333333333336,5000.0,0.0015,0.0,-1.24,0.35,0.35,59.1,VLT,FORS2,V,0,0.64,0.07,2.415e+17,538000000000000.0,-0.9916873968853349,0.018967782928796993,0.016997014527770644
ID-050709,61.111111111111114,38000.0,0.0011,2e-05,-1.24,0.35,0.35,59.1,VLT,FORS2,V,0,0.64,0.07,2.415e+17,538000000000000.0,-1.042476131635745,0.02191836347116977,0.020001737173365914
ID-050709,58.333333333333336,5000.0,0.0015,0.0,-1.24,0.35,0.35,59.3,VLT,FORS2,R,0,0.9,0.05,2.415e+17,458000000000000.0,-1.0206093051739091,0.009119438883693896,0.008626249170700888
ID-050709,61.111111111111114,38000.0,0.0011,2e-05,-1.24,0.35,0.35,59.3,VLT,FORS2,R,0,0.9,0.05,2.415e+17,458000000000000.0,-1.0700935144639594,0.011994232788354901,0.011553794520745076
ID-050709,58.333333333333336,5000.0,0.0015,0.0,-1.24,0.35,0.35,60.0,Danishtel.,DFOSC,R,0,1.17,0.26,2.415e+17,463000000000000.0,-1.064312418249138,0.0401659800769475,0.032071915691807285
ID-050709,61.111111111111114,38000.0,0.0011,2e-05,-1.24,0.35,0.35,60.0,Danishtel.,DFOSC,R,0,1.17,0.26,2.415e+17,463000000000000.0,-1.1138824996656118,0.04304576273800504,0.03500454134015302
ID-050709,102.77777777777777,2100.0,0.0059,0.0,-1.24,0.35,0.35,104.7,VLT,FORS1,V,0,0.36,0.0,2.415e+17,538000000000000.0,-0.6732125565872762,0.0,0.0
ID-050724A,9.722222222222221,810.0,0.27,0.056,-0.81,0.15,0.15,11.4,VLT,FORS1,V,0,16.0,0.45,2.415e+17,538000000000000.0,-0.668426121771146,0.03553492948039221,0.04260564278564906
ID-050724A,10.277777777777779,1200.0,0.19,0.039,-0.81,0.15,0.15,11.4,VLT,FORS1,V,0,16.0,0.45,2.415e+17,538000000000000.0,-0.7259685060371812,0.03524386037462991,0.04216323046035991
ID-050724A,11.38888888888889,830.0,0.26,0.053,-0.81,0.15,0.15,11.4,VLT,FORS1,V,0,16.0,0.45,2.415e+17,538000000000000.0,-0.674606205762707,0.03505122619933009,0.0418715216345394
ID-050724A,11.666666666666666,650.0,0.32,0.068,-0.81,0.15,0.15,11.4,VLT,FORS1,V,0,16.0,0.45,2.415e+17,538000000000000.0,-0.640604680527761,0.0362241521113064,0.04366118742306484
ID-050724A,11.666666666666666,770.0,0.27,0.057,-0.81,0.15,0.15,11.4,VLT,FORS1,V,0,16.0,0.45,2.415e+17,538000000000000.0,-0.668426121771146,0.036036469810297345,0.043372636177115245
ID-050724A,13.055555555555555,1200.0,0.18,0.038,-0.81,0.15,0.15,11.4,VLT,FORS1,V,0,16.0,0.45,2.415e+17,538000000000000.0,-0.7348221643517693,0.036036469810297345,0.043372636177115245
ID-050724A,13.333333333333334,880.0,0.24,0.05,-0.81,0.15,0.15,11.4,VLT,FORS1,V,0,16.0,0.45,2.415e+17,538000000000000.0,-0.6877134224397652,0.03566045864691091,0.04279705460137075
ID-050724A,13.333333333333334,790.0,0.27,0.056,-0.81,0.15,0.15,11.4,VLT,FORS1,V,0,16.0,0.45,2.415e+17,538000000000000.0,-0.668426121771146,0.03553492948039221,0.04260564278564906
ID-050724A,9.722222222222221,810.0,0.27,0.056,-0.81,0.15,0.15,11.6,Magellan/Baade,PANIC,K,0,45.6,1.4,2.415e+17,138000000000000.0,-0.686887124068068,0.029415753929540985,0.03517781918324771
ID-050724A,10.277777777777779,1200.0,0.19,0.039,-0.81,0.15,0.15,11.6,Magellan/Baade,PANIC,K,0,45.6,1.4,2.415e+17,138000000000000.0,-0.733944901656579,0.02917771955858892,0.034816017338026604
ID-050724A,11.38888888888889,830.0,0.26,0.053,-0.81,0.15,0.15,11.6,Magellan/Baade,PANIC,K,0,45.6,1.4,2.415e+17,138000000000000.0,-0.6919411554861726,0.02902018461642704,0.03457745980828293
ID-050724A,11.666666666666666,650.0,0.32,0.068,-0.81,0.15,0.15,11.6,Magellan/Baade,PANIC,K,0,45.6,1.4,2.415e+17,138000000000000.0,-0.66413493520898,0.0299793955945193,0.03604103653886875
ID-050724A,11.666666666666666,770.0,0.27,0.057,-0.81,0.15,0.15,11.6,Magellan/Baade,PANIC,K,0,45.6,1.4,2.415e+17,138000000000000.0,-0.686887124068068,0.029825910262084133,0.035805061256857396
ID-050724A,13.055555555555555,1200.0,0.18,0.038,-0.81,0.15,0.15,11.6,Magellan/Baade,PANIC,K,0,45.6,1.4,2.415e+17,138000000000000.0,-0.7411853643021019,0.029825910262084133,0.035805061256857396
ID-050724A,13.333333333333334,880.0,0.24,0.05,-0.81,0.15,0.15,11.6,Magellan/Baade,PANIC,K,0,45.6,1.4,2.415e+17,138000000000000.0,-0.702660149755541,0.029518410843644486,0.03533435448790942
ID-050724A,13.333333333333334,790.0,0.27,0.056,-0.81,0.15,0.15,11.6,Magellan/Baade,PANIC,K,0,45.6,1.4,2.415e+17,138000000000000.0,-0.686887124068068,0.029415753929540985,0.03517781918324771
ID-050724A,9.722222222222221,810.0,0.27,0.056,-0.81,0.15,0.15,11.8,VLT,FORS1,R,0,17.8,0.7,2.415e+17,458000000000000.0,-0.6682666118463007,0.03647165459455519,0.04324007466853843
ID-050724A,10.277777777777779,1200.0,0.19,0.039,-0.81,0.15,0.15,11.8,VLT,FORS1,R,0,17.8,0.7,2.415e+17,458000000000000.0,-0.7243310009290784,0.03618806169510236,0.04280902585023861
ID-050724A,11.38888888888889,830.0,0.26,0.053,-0.81,0.15,0.15,11.8,VLT,FORS1,R,0,17.8,0.7,2.415e+17,458000000000000.0,-0.6742879583352682,0.036000375392346504,0.042524809662149
ID-050724A,11.666666666666666,650.0,0.32,0.068,-0.81,0.15,0.15,11.8,VLT,FORS1,R,0,17.8,0.7,2.415e+17,458000000000000.0,-0.6411597735286283,0.03714317431409933,0.04426850729261459
ID-050724A,11.666666666666666,770.0,0.27,0.057,-0.81,0.15,0.15,11.8,VLT,FORS1,R,0,17.8,0.7,2.415e+17,458000000000000.0,-0.6682666118463007,0.036960312695104275,0.043987367580911915
ID-050724A,13.055555555555555,1200.0,0.18,0.038,-0.81,0.15,0.15,11.8,VLT,FORS1,R,0,17.8,0.7,2.415e+17,458000000000000.0,-0.7329572500997793,0.036960312695104275,0.043987367580911915
ID-050724A,13.333333333333334,880.0,0.24,0.05,-0.81,0.15,0.15,11.8,VLT,FORS1,R,0,17.8,0.7,2.415e+17,458000000000000.0,-0.6870585118142039,0.03659395950288856,0.043426570008426466
ID-050724A,13.333333333333334,790.0,0.27,0.056,-0.81,0.15,0.15,11.8,VLT,FORS1,R,0,17.8,0.7,2.415e+17,458000000000000.0,-0.6682666118463007,0.03647165459455519,0.04324007466853843
ID-050724A,9.722222222222221,810.0,0.27,0.056,-0.81,0.15,0.15,11.8,VLT,FORS1,I,0,18.37,0.51,2.415e+17,390000000000000.0,-0.656462106692892,0.033698605752494004,0.04041861929734831
ID-050724A,10.277777777777779,1200.0,0.19,0.039,-0.81,0.15,0.15,11.8,VLT,FORS1,I,0,18.37,0.51,2.415e+17,390000000000000.0,-0.7111247945219469,0.0334221031385007,0.039998347403205015
ID-050724A,11.38888888888889,830.0,0.26,0.053,-0.81,0.15,0.15,11.8,VLT,FORS1,I,0,18.37,0.51,2.415e+17,390000000000000.0,-0.662332909689622,0.03323910929971677,0.03972123708380837
ID-050724A,11.666666666666666,650.0,0.32,0.068,-0.81,0.15,0.15,11.8,VLT,FORS1,I,0,18.37,0.51,2.415e+17,390000000000000.0,-0.6300329835858186,0.0343533363827752,0.041421339426878104
ID-050724A,11.666666666666666,770.0,0.27,0.057,-0.81,0.15,0.15,11.8,VLT,FORS1,I,0,18.37,0.51,2.415e+17,390000000000000.0,-0.656462106692892,0.034175046602781624,0.041147228666936285
ID-050724A,13.055555555555555,1200.0,0.18,0.038,-0.81,0.15,0.15,11.8,VLT,FORS1,I,0,18.37,0.51,2.415e+17,390000000000000.0,-0.7195353733807919,0.034175046602781624,0.041147228666936285
ID-050724A,13.333333333333334,880.0,0.24,0.05,-0.81,0.15,0.15,11.8,VLT,FORS1,I,0,18.37,0.51,2.415e+17,390000000000000.0,-0.6747841784833053,0.03381785283845293,0.04060045194928039
ID-050724A,13.333333333333334,790.0,0.27,0.056,-0.81,0.15,0.15,11.8,VLT,FORS1,I,0,18.37,0.51,2.415e+17,390000000000000.0,-0.656462106692892,0.033698605752494004,0.04041861929734831
ID-050724A,9.722222222222221,810.0,0.27,0.056,-0.81,0.15,0.15,12.0,Swope40-in,--,I,0,19.1,0.2,2.415e+17,nan,nan,nan,nan
ID-050724A,10.277777777777779,1200.0,0.19,0.039,-0.81,0.15,0.15,12.0,Swope40-in,--,I,0,19.1,0.2,2.415e+17,nan,nan,nan,nan
ID-050724A,11.38888888888889,830.0,0.26,0.053,-0.81,0.15,0.15,12.0,Swope40-in,--,I,0,19.1,0.2,2.415e+17,nan,nan,nan,nan
ID-050724A,11.666666666666666,650.0,0.32,0.068,-0.81,0.15,0.15,12.0,Swope40-in,--,I,0,19.1,0.2,2.415e+17,nan,nan,nan,nan
ID-050724A,11.666666666666666,770.0,0.27,0.057,-0.81,0.15,0.15,12.0,Swope40-in,--,I,0,19.1,0.2,2.415e+17,nan,nan,nan,nan
ID-050724A,13.055555555555555,1200.0,0.18,0.038,-0.81,0.15,0.15,12.0,Swope40-in,--,I,0,19.1,0.2,2.415e+17,nan,nan,nan,nan
ID-050724A,13.333333333333334,880.0,0.24,0.05,-0.81,0.15,0.15,12.0,Swope40-in,--,I,0,19.1,0.2,2.415e+17,nan,nan,nan,nan
ID-050724A,13.333333333333334,790.0,0.27,0.056,-0.81,0.15,0.15,12.0,Swope40-in,--,I,0,19.1,0.2,2.415e+17,nan,nan,nan,nan
ID-050724A,11.38888888888889,830.0,0.26,0.053,-0.81,0.15,0.15,14.2,Swope40-in,--,I,0,25.2,0.9,2.415e+17,nan,nan,nan,nan
ID-050724A,11.666666666666666,650.0,0.32,0.068,-0.81,0.15,0.15,14.2,Swope40-in,--,I,0,25.2,0.9,2.415e+17,nan,nan,nan,nan
ID-050724A,11.666666666666666,770.0,0.27,0.057,-0.81,0.15,0.15,14.2,Swope40-in,--,I,0,25.2,0.9,2.415e+17,nan,nan,nan,nan
ID-050724A,13.055555555555555,1200.0,0.18,0.038,-0.81,0.15,0.15,14.2,Swope40-in,--,I,0,25.2,0.9,2.415e+17,nan,nan,nan,nan
ID-050724A,13.333333333333334,880.0,0.24,0.05,-0.81,0.15,0.15,14.2,Swope40-in,--,I,0,25.2,0.9,2.415e+17,nan,nan,nan,nan
ID-050724A,13.333333333333334,790.0,0.27,0.056,-0.81,0.15,0.15,14.2,Swope40-in,--,I,0,25.2,0.9,2.415e+17,nan,nan,nan,nan
ID-050724A,14.444444444444445,590.0,0.37,0.075,-0.81,0.15,0.15,14.2,Swope40-in,--,I,0,25.2,0.9,2.415e+17,nan,nan,nan,nan
ID-050724A,14.722222222222221,800.0,0.027,0.055,-0.81,0.15,0.15,14.2,Swope40-in,--,I,0,25.2,0.9,2.415e+17,nan,nan,nan,nan
ID-050724A,16.11111111111111,760.0,0.29,0.058,-0.81,0.15,0.15,14.2,Swope40-in,--,I,0,25.2,0.9,2.415e+17,nan,nan,nan,nan
ID-050724A,16.38888888888889,550.0,0.39,0.08,-0.81,0.15,0.15,14.2,Swope40-in,--,I,0,25.2,0.9,2.415e+17,nan,nan,nan,nan
ID-050724A,38.888888888888886,4400.0,0.025,0.0084,-0.81,0.15,0.15,34.8,VLT,FORS1,I,0,2.81,0.33,2.415e+17,390000000000000.0,-0.7345539531979932,0.06449520359997114,0.0809696237634425
ID-050724A,41.666666666666664,4000.0,0.027,0.0095,-0.81,0.15,0.15,34.8,VLT,FORS1,I,0,2.81,0.33,2.415e+17,390000000000000.0,-0.722582061720558,0.06633005773588009,0.08472834480448489
ID-050724A,38.888888888888886,4400.0,0.025,0.0084,-0.81,0.15,0.15,34.9,Magellan/Baade,PANIC,K,0,5.4,0.0,2.415e+17,138000000000000.0,-0.7198354493856719,0.038792778947039835,0.054834978178569166
ID-050724A,41.666666666666664,4000.0,0.027,0.0095,-0.81,0.15,0.15,34.9,Magellan/Baade,PANIC,K,0,5.4,0.0,2.415e+17,138000000000000.0,-0.7095291393809252,0.04037236021653363,0.05807076964421703
ID-050724A,38.888888888888886,4400.0,0.025,0.0084,-0.81,0.15,0.15,35.0,VLT,FORS1,R,0,3.35,0.29,2.415e+17,458000000000000.0,-0.7814343981420744,0.06066374172770406,0.07857620801853114
ID-050724A,41.666666666666664,4000.0,0.027,0.0095,-0.81,0.15,0.15,35.0,VLT,FORS1,R,0,3.35,0.29,2.415e+17,458000000000000.0,-0.7691555145286904,0.06254564655659656,0.08243131297710242
ID-050724A,38.888888888888886,4400.0,0.025,0.0084,-0.81,0.15,0.15,36.7,Swope40-in,--,I,0,9.1,0.0,2.415e+17,nan,nan,nan,nan
ID-050724A,41.666666666666664,4000.0,0.027,0.0095,-0.81,0.15,0.15,36.7,Swope40-in,--,I,0,9.1,0.0,2.415e+17,nan,nan,nan,nan
ID-050724A,66.66666666666667,13000.0,0.0038,0.00072,-0.81,0.15,0.15,83.1,VLT,FORS1,I,0,0.33,0.12,2.415e+17,390000000000000.0,-0.6944243378813222,0.09730079959746413,0.08092528231451167
ID-050724A,69.44444444444444,6500.0,0.0054,0.0012,-0.81,0.15,0.15,83.1,VLT,FORS1,I,0,0.33,0.12,2.415e+17,390000000000000.0,-0.639761650052267,0.10152571384553875,0.08734094687009687
ID-051221A,3.3333333333333335,3500.0,0.25,0.026,-1.0,0.2,0.2,3.1,Gemini-N,GMOS,r,0,16.8,1.3,2.415e+17,476000000000000.0,-0.67547495476284,0.028812465741193234,0.029594123440272582
ID-051221A,3.3333333333333335,3500.0,0.25,0.026,-1.0,0.2,0.2,3.4,Gemini-N,GMOS,r,0,15.6,1.2,2.415e+17,476000000000000.0,-0.6635780996143332,0.028732815985034427,0.02952588366018241
ID-051221A,27.77777777777778,41000.0,0.017,0.0027,-1.0,0.2,0.2,26.9,Gemini-N,GMOS,r,0,2.5,0.19,2.415e+17,476000000000000.0,-0.8011987318205767,0.03635270151430992,0.039524175800804966
ID-051221A,27.77777777777778,41000.0,0.017,0.0027,-1.0,0.2,0.2,27.2,Gemini-N,GMOS,i,0,2.3,0.54,2.415e+17,384000000000000.0,-0.7615556508290283,0.06440126504474293,0.0595670075033604
ID-051221A,55.55555555555556,57000.0,0.013,0.0019,-1.0,0.2,0.2,51.0,Gemini-N,GMOS,i,0,0.83,0.32,2.415e+17,384000000000000.0,-0.6450167326129449,0.09674558545673445,0.07512369754038677
ID-051221A,41.666666666666664,6600.0,0.018,0.0018,-1.0,0.2,0.2,51.0,Gemini-N,GMOS,i,0,0.83,0.32,2.415e+17,384000000000000.0,-0.5945165309735715,0.0903672817288279,0.06695425636942685
ID-051221A,44.44444444444444,6300.0,0.017,0.0018,-1.0,0.2,0.2,51.0,Gemini-N,GMOS,i,0,0.83,0.32,2.415e+17,384000000000000.0,-0.6033865762453443,0.09119492926264434,0.06797185703050272
ID-051221A,55.55555555555556,57000.0,0.013,0.0019,-1.0,0.2,0.2,51.3,Gemini-N,GMOS,z,0,1.1,0.47,2.415e+17,308000000000000.0,-0.6659313487309916,0.10409706589850526,0.07709021889499043
ID-051221A,41.666666666666664,6600.0,0.018,0.0018,-1.0,0.2,0.2,51.3,Gemini-N,GMOS,z,0,1.1,0.47,2.415e+17,308000000000000.0,-0.6171023021082559,0.09792983329361414,0.06919112125044793
ID-051221A,44.44444444444444,6300.0,0.017,0.0018,-1.0,0.2,0.2,51.3,Gemini-N,GMOS,z,0,1.1,0.47,2.415e+17,308000000000000.0,-0.6256788194301884,0.09873009227682594,0.0701750474232151
ID-051221A,55.55555555555556,57000.0,0.013,0.0019,-1.0,0.2,0.2,51.6,Gemini-N,GMOS,r,0,0.93,0.11,2.415e+17,476000000000000.0,-0.6855182848661187,0.04210682125034078,0.04331139735056363
ID-051221A,41.666666666666664,6600.0,0.018,0.0018,-1.0,0.2,0.2,51.6,Gemini-N,GMOS,r,0,0.93,0.11,2.415e+17,476000000000000.0,-0.6332768991212826,0.03550860154763967,0.034860284014827714
ID-051221A,44.44444444444444,6300.0,0.017,0.0018,-1.0,0.2,0.2,51.6,Gemini-N,GMOS,r,0,0.93,0.11,2.415e+17,476000000000000.0,-0.6424527725153317,0.03636478533842193,0.03591297028030227
ID-051221A,69.44444444444444,57000.0,0.014,0.002,-1.0,0.2,0.2,75.7,Gemini-N,GMOS,r,0,0.94,0.28,2.415e+17,476000000000000.0,-0.6753383881189214,0.07820761789703402,0.06660188834539245
ID-051221A,86.11111111111111,57000.0,0.009,0.0017,-1.0,0.2,0.2,75.7,Gemini-N,GMOS,r,0,0.94,0.28,2.415e+17,476000000000000.0,-0.7462676026280766,0.0845467509768471,0.0754632972309645
ID-051221A,105.55555555555556,86000.0,0.0052,0.001,-1.0,0.2,0.2,123.6,Gemini-N,GMOS,r,0,0.5,0.11,2.415e+17,476000000000000.0,-0.7329904990658792,0.06812296215575721,0.06620826147001357
ID-051221A,130.55555555555554,86000.0,0.0058,0.0011,-1.0,0.2,0.2,123.6,Gemini-N,GMOS,r,0,0.5,0.11,2.415e+17,476000000000000.0,-0.7154602911668931,0.06776542508091782,0.06568191975180328
ID-051221A,108.33333333333333,9500.0,0.0061,0.00088,-1.0,0.2,0.2,123.6,Gemini-N,GMOS,r,0,0.5,0.11,2.415e+17,476000000000000.0,-0.7073644204639387,0.0615201118181181,0.05693216389275277
ID-051221A,111.11111111111111,10000.0,0.0055,0.0008,-1.0,0.2,0.2,123.6,Gemini-N,GMOS,r,0,0.5,0.11,2.415e+17,476000000000000.0,-0.7239862281256311,0.06168729129716331,0.057155982793065246
ID-051221A,113.88888888888889,10000.0,0.0053,0.00079,-1.0,0.2,0.2,123.6,Gemini-N,GMOS,r,0,0.5,0.11,2.415e+17,476000000000000.0,-0.7299326146059347,0.06219132336033893,0.05783409215599862
ID-051221A,130.55555555555554,86000.0,0.0058,0.0011,-1.0,0.2,0.2,147.8,Gemini-N,GMOS,r,0,0.32,0.0,2.415e+17,476000000000000.0,-0.643816001621312,0.027878909289554228,0.0337595800372546
ID-051221A,152.77777777777777,86000.0,0.0044,0.0009400000000000001,-1.0,0.2,0.2,147.8,Gemini-N,GMOS,r,0,0.32,0.0,2.415e+17,476000000000000.0,-0.6881640833528405,0.031082787138587878,0.03858211098073992
ID-060121,3.0555555555555554,150.0,0.61,0.14,-1.07,0.16,0.16,2.6,NOT,ALFOSC,R,0,6.1,1.9,2.415e+17,464000000000000.0,-0.36813440997114705,0.09270065210174284,0.0850361511380929
ID-060121,3.0555555555555554,220.0,0.42,0.095,-1.07,0.16,0.16,2.6,NOT,ALFOSC,R,0,6.1,1.9,2.415e+17,464000000000000.0,-0.4278018356300069,0.09226865014956863,0.08434919478526463
ID-060121,3.0555555555555554,210.0,0.45,0.1,-1.07,0.16,0.16,2.6,NOT,ALFOSC,R,0,6.1,1.9,2.415e+17,464000000000000.0,-0.4167713420711182,0.09175040417601896,0.08353139892111436
ID-060121,3.0555555555555554,200.0,0.47,0.11,-1.07,0.16,0.16,2.6,NOT,ALFOSC,R,0,6.1,1.9,2.415e+17,464000000000000.0,-0.40981899704153696,0.09328919125057124,0.08597981955630134
ID-060121,3.0555555555555554,210.0,0.34,0.87,-1.07,0.16,0.16,2.6,NOT,ALFOSC,R,0,6.1,1.9,2.415e+17,464000000000000.0,-0.4615856678781193,0.26262230154824134,nan
ID-060121,3.0555555555555554,150.0,0.61,0.14,-1.07,0.16,0.16,2.7,OSN,--,I,0,10.8,2.5,2.415e+17,337000000000000.0,-0.43711676552877454,0.07147340171113474,0.07132727667978121
ID-060121,3.0555555555555554,220.0,0.42,0.095,-1.07,0.16,0.16,2.7,OSN,--,I,0,10.8,2.5,2.415e+17,337000000000000.0,-0.4938818232331563,0.0710624133791799,0.07067373554610407
ID-060121,3.0555555555555554,210.0,0.45,0.1,-1.07,0.16,0.16,2.7,OSN,--,I,0,10.8,2.5,2.415e+17,337000000000000.0,-0.4833878795701929,0.07056937614372404,0.06989571925151301
ID-060121,3.0555555555555554,200.0,0.47,0.11,-1.07,0.16,0.16,2.7,OSN,--,I,0,10.8,2.5,2.415e+17,337000000000000.0,-0.476773713424643,0.0720333128917434,0.07222504278284171
ID-060121,3.0555555555555554,210.0,0.34,0.87,-1.07,0.16,0.16,2.7,OSN,--,I,0,10.8,2.5,2.415e+17,337000000000000.0,-0.5260223281378537,0.23312965098861566,nan
ID-060121,3.0555555555555554,150.0,0.61,0.14,-1.07,0.16,0.16,2.8,OSN,--,R,0,3.7,0.97,2.415e+17,454000000000000.0,-0.2872016614197057,0.08135795715389779,0.07863464475300737
ID-060121,3.0555555555555554,220.0,0.42,0.095,-1.07,0.16,0.16,2.8,OSN,--,R,0,3.7,0.97,2.415e+17,454000000000000.0,-0.346661966927345,0.08092745478560331,0.07795007299281248
ID-060121,3.0555555555555554,210.0,0.45,0.1,-1.07,0.16,0.16,2.8,OSN,--,R,0,3.7,0.97,2.415e+17,454000000000000.0,-0.335669762895258,0.0804110077699142,0.07713511589707199
ID-060121,3.0555555555555554,200.0,0.47,0.11,-1.07,0.16,0.16,2.8,OSN,--,R,0,3.7,0.97,2.415e+17,454000000000000.0,-0.32874155114674203,0.08194445334015224,0.07957503746854684
ID-060121,3.0555555555555554,210.0,0.34,0.87,-1.07,0.16,0.16,2.8,OSN,--,R,0,3.7,0.97,2.415e+17,454000000000000.0,-0.3803285272743024,0.2506897672141587,nan
ID-060121,3.3333333333333335,180.0,0.52,0.12,-1.07,0.16,0.16,2.8,OSN,--,R,0,3.7,0.97,2.415e+17,454000000000000.0,-0.31263453719658374,0.0815212824012452,0.07889561739913009
ID-060121,3.3333333333333335,180.0,0.51,0.12,-1.07,0.16,0.16,2.8,OSN,--,R,0,3.7,0.97,2.415e+17,454000000000000.0,-0.31572829974122885,0.08210595742375891,0.07983558333991485
ID-060121,3.3333333333333335,160.0,0.6,0.14,-1.07,0.16,0.16,2.8,OSN,--,R,0,3.7,0.97,2.415e+17,454000000000000.0,-0.2898351720366692,0.08185286163608615,0.07942758371916464
ID-060121,3.3333333333333335,190.0,0.36,0.094,-1.07,0.16,0.16,2.8,OSN,--,R,0,3.7,0.97,2.415e+17,454000000000000.0,-0.37122183358931776,0.08540142179413251,0.08530735666969289
ID-060121,3.3333333333333335,340.0,0.37,0.072,-1.07,0.16,0.16,2.8,OSN,--,R,0,3.7,0.97,2.415e+17,454000000000000.0,-0.36685652586904693,0.076768258044705,0.07157393436037819
ID-060121,3.3333333333333335,180.0,0.52,0.12,-1.07,0.16,0.16,3.9,CAHA-2.2m,--,R,0,1.1,0.33,2.415e+17,461000000000000.0,-0.11966291623407839,0.09012839415298299,0.08380602608977267
ID-060121,3.3333333333333335,180.0,0.51,0.12,-1.07,0.16,0.16,3.9,CAHA-2.2m,--,R,0,1.1,0.33,2.415e+17,461000000000000.0,-0.12276423914719818,0.0907144979724856,0.0847482890681495
ID-060121,3.3333333333333335,160.0,0.6,0.14,-1.07,0.16,0.16,3.9,CAHA-2.2m,--,R,0,1.1,0.33,2.415e+17,461000000000000.0,-0.09680783522683867,0.09046078368310607,0.08433929240013861
ID-060121,3.3333333333333335,190.0,0.36,0.094,-1.07,0.16,0.16,3.9,CAHA-2.2m,--,R,0,1.1,0.33,2.415e+17,461000000000000.0,-0.17839338507210267,0.09401801561927446,0.09023343401969426
ID-060121,3.3333333333333335,340.0,0.37,0.072,-1.07,0.16,0.16,3.9,CAHA-2.2m,--,R,0,1.1,0.33,2.415e+17,461000000000000.0,-0.17401740965048298,0.08536375461428644,0.07646645072062085
ID-060121,4.444444444444445,280.0,0.27,0.069,-1.07,0.16,0.16,3.9,CAHA-2.2m,--,R,0,1.1,0.33,2.415e+17,461000000000000.0,-0.22433998400848557,0.0933128793234244,0.08903707553002373
ID-060121,4.444444444444445,310.0,0.24,0.063,-1.07,0.16,0.16,3.9,CAHA-2.2m,--,R,0,1.1,0.33,2.415e+17,461000000000000.0,-0.24315147912422871,0.09419381432890904,0.09053392914423235
ID-060121,4.444444444444445,200.0,0.39,0.1,-1.07,0.16,0.16,3.9,CAHA-2.2m,--,R,0,1.1,0.33,2.415e+17,461000000000000.0,-0.16560951517046132,0.09342156467064526,0.08922054839520648
ID-060121,4.444444444444445,280.0,0.27,0.069,-1.07,0.16,0.16,4.4,CAHA-2.2m,--,R,0,4.6,0.83,2.415e+17,461000000000000.0,-0.4528488993008026,0.06812713709898721,0.07362772549374272
ID-060121,4.444444444444445,310.0,0.24,0.063,-1.07,0.16,0.16,4.4,CAHA-2.2m,--,R,0,4.6,0.83,2.415e+17,461000000000000.0,-0.4716603944165457,0.06900807210447187,0.07512457910795134
ID-060121,4.444444444444445,200.0,0.39,0.1,-1.07,0.16,0.16,4.4,CAHA-2.2m,--,R,0,4.6,0.83,2.415e+17,461000000000000.0,-0.3941184304627784,0.06823582244620807,0.07381119835892548
ID-060121,4.722222222222222,260.0,0.29,0.076,-1.07,0.16,0.16,4.4,CAHA-2.2m,--,R,0,4.6,0.83,2.415e+17,461000000000000.0,-0.4414359658130986,0.06895353458931751,0.07503126148240577
ID-060121,4.722222222222222,250.0,0.31,0.08,-1.07,0.16,0.16,4.4,CAHA-2.2m,--,R,0,4.6,0.83,2.415e+17,461000000000000.0,-0.43078447887652477,0.06844597130755058,0.07416690699499756
ID-060121,4.722222222222222,240.0,0.32,0.083,-1.07,0.16,0.16,4.4,CAHA-2.2m,--,R,0,4.6,0.83,2.415e+17,461000000000000.0,-0.4257137954801628,0.06861225254232858,0.07444925839110358
ID-060121,5.0,220.0,0.34,0.089,-1.07,0.16,0.16,4.4,CAHA-2.2m,--,R,0,4.6,0.83,2.415e+17,461000000000000.0,-0.41603124849164125,0.0689150263042418,0.07496542302943175
ID-060121,5.0,200.0,0.38,0.1,-1.07,0.16,0.16,4.4,CAHA-2.2m,--,R,0,4.6,0.83,2.415e+17,461000000000000.0,-0.3982670562209863,0.06909127768675367,0.07526711647714222
ID-060121,5.0,620.0,0.19,0.039,-1.07,0.16,0.16,4.4,CAHA-2.2m,--,R,0,4.6,0.83,2.415e+17,461000000000000.0,-0.5089717492094953,0.06159803044181251,0.06318682970267459
ID-060121,4.444444444444445,280.0,0.27,0.069,-1.07,0.16,0.16,5.4,CAHA-2.2m,--,R,0,1.2,0.49,2.415e+17,461000000000000.0,-0.23823684177015583,0.12016655027551074,0.10182094543166502
ID-060121,4.444444444444445,310.0,0.24,0.063,-1.07,0.16,0.16,5.4,CAHA-2.2m,--,R,0,1.2,0.49,2.415e+17,461000000000000.0,-0.257048336885899,0.12104748528099538,0.10331779904587361
ID-060121,4.444444444444445,200.0,0.39,0.1,-1.07,0.16,0.16,5.4,CAHA-2.2m,--,R,0,1.2,0.49,2.415e+17,461000000000000.0,-0.17950637293213162,0.12027523562273161,0.10200441829684777
ID-060121,4.722222222222222,260.0,0.29,0.076,-1.07,0.16,0.16,5.4,CAHA-2.2m,--,R,0,1.2,0.49,2.415e+17,461000000000000.0,-0.22682390828245177,0.12099294776584102,0.10322448142032806
ID-060121,4.722222222222222,250.0,0.31,0.08,-1.07,0.16,0.16,5.4,CAHA-2.2m,--,R,0,1.2,0.49,2.415e+17,461000000000000.0,-0.216172421345878,0.12048538448407412,0.10236012693291985
ID-060121,4.722222222222222,240.0,0.32,0.083,-1.07,0.16,0.16,5.4,CAHA-2.2m,--,R,0,1.2,0.49,2.415e+17,461000000000000.0,-0.2111017379495161,0.12065166571885208,0.10264247832902587
ID-060121,5.0,220.0,0.34,0.089,-1.07,0.16,0.16,5.4,CAHA-2.2m,--,R,0,1.2,0.49,2.415e+17,461000000000000.0,-0.20141919096099453,0.12095443948076534,0.10315864296735404
ID-060121,5.0,200.0,0.38,0.1,-1.07,0.16,0.16,5.4,CAHA-2.2m,--,R,0,1.2,0.49,2.415e+17,461000000000000.0,-0.18365499869033952,0.12113069086327719,0.10346033641506452
ID-060121,5.0,620.0,0.19,0.039,-1.07,0.16,0.16,5.4,CAHA-2.2m,--,R,0,1.2,0.49,2.415e+17,461000000000000.0,-0.29435969167884846,0.11363744361833603,0.09138004964059687
ID-060121,6.111111111111111,360.0,0.23,0.056,-1.07,0.16,0.16,5.4,CAHA-2.2m,--,R,0,1.2,0.49,2.415e+17,461000000000000.0,-0.2638456653322702,0.11862281979991493,0.09925067574197315
ID-060121,4.722222222222222,260.0,0.29,0.076,-1.07,0.16,0.16,5.6,Bok,90Prime,R,0,1.1,0.22,2.415e+17,428000000000000.0,-0.21043078024969022,0.07195893768944454,0.0767463255145619
ID-060121,4.722222222222222,250.0,0.31,0.08,-1.07,0.16,0.16,5.6,Bok,90Prime,R,0,1.1,0.22,2.415e+17,428000000000000.0,-0.1999041670204151,0.07145732487347269,0.0758921043681516
ID-060121,4.722222222222222,240.0,0.32,0.083,-1.07,0.16,0.16,5.6,Bok,90Prime,R,0,1.1,0.22,2.415e+17,428000000000000.0,-0.19489293025699855,0.0716216566945806,0.07617114559115196
ID-060121,5.0,220.0,0.34,0.089,-1.07,0.16,0.16,5.6,Bok,90Prime,R,0,1.1,0.22,2.415e+17,428000000000000.0,-0.18532389751730904,0.07192088085986494,0.07668125892487372
ID-060121,5.0,200.0,0.38,0.1,-1.07,0.16,0.16,5.6,Bok,90Prime,R,0,1.1,0.22,2.415e+17,428000000000000.0,-0.16776796542283517,0.07209506594274354,0.07697941544112026
ID-060121,5.0,620.0,0.19,0.039,-1.07,0.16,0.16,5.6,Bok,90Prime,R,0,1.1,0.22,2.415e+17,428000000000000.0,-0.2771748015476831,0.06468966648551057,0.06504075304301817
ID-060121,6.111111111111111,360.0,0.23,0.056,-1.07,0.16,0.16,5.6,Bok,90Prime,R,0,1.1,0.22,2.415e+17,428000000000000.0,-0.24701850925431207,0.06961659614128711,0.07281910712022613
ID-060121,6.111111111111111,360.0,0.23,0.056,-1.07,0.16,0.16,7.3,Bok,90Prime,R,0,1.2,0.18,2.415e+17,428000000000000.0,-0.2607524458990684,0.06004756340159764,0.0661014677921798
ID-060121,6.111111111111111,360.0,0.23,0.056,-1.07,0.16,0.16,7.3,CAHA-2.2m,--,R,0,1.4,0.37,2.415e+17,461000000000000.0,-0.2884655500592928,0.08382158331934915,0.08201768495758588
ID-060121,6.111111111111111,360.0,0.23,0.056,-1.07,0.16,0.16,7.4,WHT,--,K,0,17.1,1.4,2.415e+17,135000000000000.0,-0.575317544077261,0.04050154607793442,0.04776332786470755
ID-060121,6.111111111111111,360.0,0.23,0.056,-1.07,0.16,0.16,7.6,TNG,OIG,R_c,0,1.4,0.37,2.415e+17,478000000000000.0,-0.2901436367851032,0.08430919747735066,0.08249480532215187
ID-060121,24.72222222222222,7600.0,0.043,0.008,-1.07,0.16,0.16,30.0,OSN,--,R,0,0.8,0.0,2.415e+17,454000000000000.0,-0.4657689441824764,0.02718469975028091,0.03279712427484912
ID-060121,44.44444444444444,12000.0,0.021,0.0049,-1.07,0.16,0.16,51.5,CAHA-2.2m,--,R,0,0.55,0.14,2.415e+17,461000000000000.0,-0.521526530219488,0.0804126208655306,0.07865495181379638
ID-060121,47.22222222222222,1900.0,0.038,0.01,-1.07,0.16,0.16,51.5,CAHA-2.2m,--,R,0,0.55,0.14,2.415e+17,461000000000000.0,-0.4268064778145682,0.08422885709361537,0.08499212592708102
ID-060121,50.0,7300.0,0.033,0.0072,-1.07,0.16,0.16,51.5,CAHA-2.2m,--,R,0,0.55,0.14,2.415e+17,461000000000000.0,-0.44933857971967195,0.07843839162932491,0.07552935085676306
ID-060121,55.55555555555556,36000.0,0.012,0.0032,-1.07,0.16,0.16,51.5,CAHA-2.2m,--,R,0,0.55,0.14,2.415e+17,461000000000000.0,-0.6109045089986367,0.08467188958734433,0.08575448112909548
ID-060121,116.66666666666667,150000.0,0.041,0.0012,-1.07,0.16,0.16,127.8,APO/ARC,NIC-FPS,K,0,2.13,0.0,2.415e+17,140000000000000.0,-0.5300301298691641,0.003870685996880309,0.00398567353319437
ID-060313,1.1666666666666667,160.0,1.3,0.52,-0.96,0.09,0.09,1.2,Gemini-S,GMOS,r,0,36.6,6.6,2.415e+17,474000000000000.0,-0.5354500983157365,0.085879551842202,0.1085468583109989
ID-060313,1.1944444444444444,92.0,1.4,0.52,-0.96,0.09,0.09,1.2,Gemini-S,GMOS,r,0,36.6,6.6,2.415e+17,474000000000000.0,-0.5235612792238941,0.08257168943237143,0.10108385488559549
ID-060313,1.2222222222222223,97.0,1.7,0.62,-0.96,0.09,0.09,1.2,Gemini-S,GMOS,r,0,36.6,6.6,2.415e+17,474000000000000.0,-0.49241367574482925,0.0817833554474726,0.09937718301196041
ID-060313,1.25,130.0,1.2,0.43,-0.96,0.09,0.09,1.2,Gemini-S,GMOS,r,0,36.6,6.6,2.415e+17,474000000000000.0,-0.5482910011699933,0.08103248698027826,0.09777599247576492
ID-060313,1.3055555555555556,110.0,1.2,0.45,-0.96,0.09,0.09,1.2,Gemini-S,GMOS,r,0,36.6,6.6,2.415e+17,474000000000000.0,-0.5482910011699933,0.08298892150917445,0.10199796358732743
ID-060313,1.3333333333333333,110.0,1.1,0.39,-0.96,0.09,0.09,1.2,Gemini-S,GMOS,r,0,36.6,6.6,2.415e+17,474000000000000.0,-0.5622498572808586,0.08058449550483758,0.09683175406352963
ID-060313,1.3611111111111112,130.0,1.1,0.43,-0.96,0.09,0.09,1.2,Gemini-S,GMOS,r,0,36.6,6.6,2.415e+17,474000000000000.0,-0.5622498572808586,0.08483442994976415,0.10613439716388386
ID-060313,1.3888888888888888,65.0,2.4,0.91,-0.96,0.09,0.09,1.2,Gemini-S,GMOS,r,0,36.6,6.6,2.415e+17,474000000000000.0,-0.4370924189634228,0.083474324733061,0.10307104881312937
ID-060313,1.4166666666666667,130.0,0.91,0.33,-0.96,0.09,0.09,1.2,Gemini-S,GMOS,r,0,36.6,6.6,2.415e+17,474000000000000.0,-0.5926699055759422,0.0815400097154078,0.09885568513508658
ID-060313,1.1666666666666667,160.0,1.3,0.52,-0.96,0.09,0.09,1.3,Swift,UVOT,B,0,18.7,5.3,2.415e+17,683000000000000.0,-0.45434564473408073,0.11413194080458651,0.1295738070189421
ID-060313,1.1944444444444444,92.0,1.4,0.52,-0.96,0.09,0.09,1.3,Swift,UVOT,B,0,18.7,5.3,2.415e+17,683000000000000.0,-0.44171675384187525,0.11061816595971218,0.12164623614251721
ID-060313,1.2222222222222223,97.0,1.7,0.62,-0.96,0.09,0.09,1.3,Swift,UVOT,B,0,18.7,5.3,2.415e+17,683000000000000.0,-0.4086302308784053,0.10978075866088835,0.11983332497661998
ID-060313,1.25,130.0,1.2,0.43,-0.96,0.09,0.09,1.3,Swift,UVOT,B,0,18.7,5.3,2.415e+17,683000000000000.0,-0.4679858860272708,0.10898314908559406,0.11813246129764286
ID-060313,1.3055555555555556,110.0,1.2,0.45,-0.96,0.09,0.09,1.3,Swift,UVOT,B,0,18.7,5.3,2.415e+17,683000000000000.0,-0.4679858860272708,0.11106137048103329,0.12261724755825228
ID-060313,1.3333333333333333,110.0,1.1,0.39,-0.96,0.09,0.09,1.3,Swift,UVOT,B,0,18.7,5.3,2.415e+17,683000000000000.0,-0.48281367249136725,0.10850727041166752,0.11712944461514235
ID-060313,1.3611111111111112,130.0,1.1,0.43,-0.96,0.09,0.09,1.3,Swift,UVOT,B,0,18.7,5.3,2.415e+17,683000000000000.0,-0.48281367249136725,0.11302176070623597,0.12701117162401837
ID-060313,1.3888888888888888,65.0,2.4,0.91,-0.96,0.09,0.09,1.3,Swift,UVOT,B,0,18.7,5.3,2.415e+17,683000000000000.0,-0.34986525931016627,0.11157698976212693,0.12375713169056184
ID-060313,1.4166666666666667,130.0,0.91,0.33,-0.96,0.09,0.09,1.3,Swift,UVOT,B,0,18.7,5.3,2.415e+17,683000000000000.0,-0.5151273504005407,0.10952226480413187,0.11927936417221381
ID-060313,1.4444444444444444,150.0,0.83,0.3,-0.96,0.09,0.09,1.3,Swift,UVOT,B,0,18.7,5.3,2.415e+17,683000000000000.0,-0.5308084788700721,0.1093731801402832,0.1189610682653116
ID-060313,1.5,180.0,0.64,0.23,-0.96,0.09,0.09,1.3,Swift,UVOT,B,0,18.7,5.3,2.415e+17,683000000000000.0,-0.5751083715443974,0.10911378308385894,0.11840932901474592
ID-060313,1.5277777777777777,160.0,0.75,0.27,-0.96,0.09,0.09,1.3,Swift,UVOT,B,0,18.7,5.3,2.415e+17,683000000000000.0,-0.5480801644184368,0.10919211544211775,0.11857566581896399
ID-060313,1.2222222222222223,97.0,1.7,0.62,-0.96,0.09,0.09,1.5,Swift,UVOT,UVW2,0,6.4,1.9,2.415e+17,1550000000000000.0,-0.26258089783497207,0.13135475538235106,0.14135060785556483
ID-060313,1.25,130.0,1.2,0.43,-0.96,0.09,0.09,1.5,Swift,UVOT,UVW2,0,6.4,1.9,2.415e+17,1550000000000000.0,-0.3315714478877584,0.13042767399155666,0.13937365181855138
ID-060313,1.3055555555555556,110.0,1.2,0.45,-0.96,0.09,0.09,1.5,Swift,UVOT,UVW2,0,6.4,1.9,2.415e+17,1550000000000000.0,-0.3315714478877584,0.13284324226122238,0.1445864301159625
ID-060313,1.3333333333333333,110.0,1.1,0.39,-0.96,0.09,0.09,1.5,Swift,UVOT,UVW2,0,6.4,1.9,2.415e+17,1550000000000000.0,-0.348806151837325,0.1298745484066357,0.13820782065277148
ID-060313,1.3611111111111112,130.0,1.1,0.43,-0.96,0.09,0.09,1.5,Swift,UVOT,UVW2,0,6.4,1.9,2.415e+17,1550000000000000.0,-0.348806151837325,0.13512185243940394,0.14969359703084356
ID-060313,1.3888888888888888,65.0,2.4,0.91,-0.96,0.09,0.09,1.5,Swift,UVOT,UVW2,0,6.4,1.9,2.415e+17,1550000000000000.0,-0.19427691395742847,0.1334425593394562,0.14591134571309042
ID-060313,1.4166666666666667,130.0,0.91,0.33,-0.96,0.09,0.09,1.5,Swift,UVOT,UVW2,0,6.4,1.9,2.415e+17,1550000000000000.0,-0.3863651410792297,0.13105430156176445,0.14070672547388086
ID-060313,1.4444444444444444,150.0,0.83,0.3,-0.96,0.09,0.09,1.5,Swift,UVOT,UVW2,0,6.4,1.9,2.415e+17,1550000000000000.0,-0.40459170560535723,0.13088101675954036,0.14033676224726563
ID-060313,1.5,180.0,0.64,0.23,-0.96,0.09,0.09,1.5,Swift,UVOT,UVW2,0,6.4,1.9,2.415e+17,1550000000000000.0,-0.45608256953762927,0.13057951312757976,0.13969546203270697
ID-060313,1.5277777777777777,160.0,0.75,0.27,-0.96,0.09,0.09,1.5,Swift,UVOT,UVW2,0,6.4,1.9,2.415e+17,1550000000000000.0,-0.4246670140714489,0.1306705607702964,0.13988879942555094
ID-060313,1.5833333333333333,85.0,1.4,0.54,-0.96,0.09,0.09,1.5,Swift,UVOT,UVW2,0,6.4,1.9,2.415e+17,1550000000000000.0,-0.3010381840507332,0.13438069481789272,0.1480114285914171
ID-060313,1.6111111111111112,210.0,0.61,0.23,-0.96,0.09,0.09,1.5,Swift,UVOT,UVW2,0,6.4,1.9,2.415e+17,1550000000000000.0,-0.46559195449570656,0.13313821497879297,0.14523692049778195
ID-060313,1.6666666666666667,130.0,1.2,0.46,-0.96,0.09,0.09,1.5,Swift,UVOT,UVW2,0,6.4,1.9,2.415e+17,1550000000000000.0,-0.3315714478877584,0.13404006852028863,0.1472451833679772
ID-060313,1.6944444444444444,150.0,0.85,0.31,-0.96,0.09,0.09,1.5,Swift,UVOT,UVW2,0,6.4,1.9,2.415e+17,1550000000000000.0,-0.39987543176530205,0.13135475538235106,0.14135060785556483
ID-060313,1.75,130.0,1.0,0.38,-0.96,0.09,0.09,1.5,Swift,UVOT,UVW2,0,6.4,1.9,2.415e+17,1550000000000000.0,-0.36768463404435037,0.13356220545800956,0.14617739564327434
ID-060313,1.3611111111111112,130.0,1.1,0.43,-0.96,0.09,0.09,1.7,Swift,UVOT,V,0,33.7,9.5,2.415e+17,548000000000000.0,-0.5620879151493888,0.10858489046701451,0.12222202561720184
ID-060313,1.3888888888888888,65.0,2.4,0.91,-0.96,0.09,0.09,1.7,Swift,UVOT,V,0,33.7,9.5,2.415e+17,548000000000000.0,-0.4339483328178853,0.10719237783062446,0.11908568643130386
ID-060313,1.4166666666666667,130.0,0.91,0.33,-0.96,0.09,0.09,1.7,Swift,UVOT,V,0,33.7,9.5,2.415e+17,548000000000000.0,-0.5932327862448622,0.10521197361500775,0.11476988268570623
ID-060313,1.4444444444444444,150.0,0.83,0.3,-0.96,0.09,0.09,1.7,Swift,UVOT,V,0,33.7,9.5,2.415e+17,548000000000000.0,-0.608346718066175,0.1050682814407239,0.11446309974943539
ID-060313,1.5,180.0,0.64,0.23,-0.96,0.09,0.09,1.7,Swift,UVOT,V,0,33.7,9.5,2.415e+17,548000000000000.0,-0.6510442547180916,0.10481826694507944,0.11393131726755633
ID-060313,1.5277777777777777,160.0,0.75,0.27,-0.96,0.09,0.09,1.7,Swift,UVOT,V,0,33.7,9.5,2.415e+17,548000000000000.0,-0.6249936754789879,0.10489376597083046,0.11409163756103595
ID-060313,1.5833333333333333,85.0,1.4,0.54,-0.96,0.09,0.09,1.7,Swift,UVOT,V,0,33.7,9.5,2.415e+17,548000000000000.0,-0.5224774988619809,0.10797030367835726,0.1208271286760361
ID-060313,1.6111111111111112,210.0,0.61,0.23,-0.96,0.09,0.09,1.7,Swift,UVOT,V,0,33.7,9.5,2.415e+17,548000000000000.0,-0.6589296790783966,0.10694000773034193,0.11852643585459015
ID-060313,1.6666666666666667,130.0,1.2,0.46,-0.96,0.09,0.09,1.7,Swift,UVOT,V,0,33.7,9.5,2.415e+17,548000000000000.0,-0.5477964593963939,0.10768784767129382,0.12019173860848517
ID-060313,1.6944444444444444,150.0,0.85,0.31,-0.96,0.09,0.09,1.7,Swift,UVOT,V,0,33.7,9.5,2.415e+17,548000000000000.0,-0.6044358636005924,0.10546111758030571,0.11530380636637388
ID-060313,1.75,130.0,1.0,0.38,-0.96,0.09,0.09,1.7,Swift,UVOT,V,0,33.7,9.5,2.415e+17,548000000000000.0,-0.5777424337262624,0.10729159144139068,0.11930630181387368
ID-060313,1.8055555555555556,290.0,0.96,0.3,-0.96,0.09,0.09,1.7,Swift,UVOT,V,0,33.7,9.5,2.415e+17,548000000000000.0,-0.5844473698923085,0.09905458337003689,0.10233251407492731
ID-060313,2.7777777777777777,300.0,0.38,0.14,-0.96,0.09,0.09,2.9,Swift,UVOT,UVM2,0,4.7,2.3,2.415e+17,1330000000000000.0,-0.48352483102496063,0.18950595472168075,0.16492330034406663
ID-060313,2.7777777777777777,310.0,0.43,0.16,-0.96,0.09,0.09,2.9,Swift,UVOT,UVM2,0,4.7,2.3,2.415e+17,1330000000000000.0,-0.45976064220329993,0.19002112749891878,0.16604426674454767
ID-060313,3.0555555555555554,230.0,0.66,0.25,-0.96,0.09,0.09,2.9,Swift,UVOT,UVM2,0,4.7,2.3,2.415e+17,1330000000000000.0,-0.37739229987477013,0.1909568687256203,0.16810502479412626
ID-060313,3.0555555555555554,240.0,0.47,0.17,-0.96,0.09,0.09,2.9,Swift,UVOT,UVM2,0,4.7,2.3,2.415e+17,1330000000000000.0,-0.4426609155877283,0.18855970903939182,0.16288894069353405
ID-060313,3.0555555555555554,270.0,0.44,0.16,-0.96,0.09,0.09,2.9,Swift,UVOT,UVM2,0,4.7,2.3,2.415e+17,1330000000000000.0,-0.45534101783535386,0.18883259083537826,0.16347238634012712
ID-060313,3.0555555555555554,380.0,0.35,0.13,-0.96,0.09,0.09,2.9,Swift,UVOT,UVM2,0,4.7,2.3,2.415e+17,1330000000000000.0,-0.49933471009198616,0.1899280080042456,0.16584094023908544
ID-060313,3.3333333333333335,340.0,0.36,0.13,-0.96,0.09,0.09,2.9,Swift,UVOT,UVM2,0,4.7,2.3,2.415e+17,1330000000000000.0,-0.49391899441271364,0.18847625117266156,0.16271101824400494
ID-060313,3.3333333333333335,460.0,0.37,0.12,-0.96,0.09,0.09,2.9,Swift,UVOT,UVM2,0,4.7,2.3,2.415e+17,1330000000000000.0,-0.48865167333208215,0.1832089300920301,0.15194862582199897
ID-060313,2.7777777777777777,300.0,0.38,0.14,-0.96,0.09,0.09,3.1,Swift,UVOT,UVW1,0,12.4,2.4,2.415e+17,1150000000000000.0,-0.6518066971443617,0.09888877966907796,0.11902940681129683
ID-060313,2.7777777777777777,310.0,0.43,0.16,-0.96,0.09,0.09,3.1,Swift,UVOT,UVW1,0,12.4,2.4,2.415e+17,1150000000000000.0,-0.6286887861509783,0.09938994209039095,0.12011988802516736
ID-060313,3.0555555555555554,230.0,0.66,0.25,-0.96,0.09,0.09,3.1,Swift,UVOT,UVW1,0,12.4,2.4,2.415e+17,1150000000000000.0,-0.5485604880250242,0.10030023541258537,0.12212460283056538
ID-060313,3.0555555555555554,240.0,0.47,0.17,-0.96,0.09,0.09,3.1,Swift,UVOT,UVW1,0,12.4,2.4,2.415e+17,1150000000000000.0,-0.6120540943095443,0.09796826756470142,0.11705037248858195
ID-060313,3.0555555555555554,270.0,0.44,0.16,-0.96,0.09,0.09,3.1,Swift,UVOT,UVW1,0,12.4,2.4,2.415e+17,1150000000000000.0,-0.6243893554601551,0.09823372821722653,0.1176179510677894
ID-060313,3.0555555555555554,380.0,0.35,0.13,-0.96,0.09,0.09,3.1,Swift,UVOT,UVW1,0,12.4,2.4,2.415e+17,1150000000000000.0,-0.667186619422816,0.09929935502235517,0.11992209107568398
ID-060313,3.3333333333333335,340.0,0.36,0.13,-0.96,0.09,0.09,3.1,Swift,UVOT,UVW1,0,12.4,2.4,2.415e+17,1150000000000000.0,-0.6619181865729316,0.09788707937228099,0.11687728872027806
ID-060313,3.3333333333333335,460.0,0.37,0.12,-0.96,0.09,0.09,3.1,Swift,UVOT,UVW1,0,12.4,2.4,2.415e+17,1150000000000000.0,-0.6567941126636795,0.09276300546302894,0.10640758441204529
ID-060313,2.7777777777777777,300.0,0.38,0.14,-0.96,0.09,0.09,3.3,Swift,UVOT,U,0,7.4,1.8,2.415e+17,864000000000000.0,-0.5270791100968869,0.1051598606019103,0.12022893011366757
ID-060313,2.7777777777777777,310.0,0.43,0.16,-0.96,0.09,0.09,3.3,Swift,UVOT,U,0,7.4,1.8,2.415e+17,864000000000000.0,-0.5051347083171251,0.10563558306374338,0.1212640564231904
ID-060313,3.0555555555555554,230.0,0.66,0.25,-0.96,0.09,0.09,3.3,Swift,UVOT,U,0,7.4,1.8,2.415e+17,864000000000000.0,-0.42907387528996566,0.10649966816232283,0.12316700808504606
ID-060313,3.0555555555555554,240.0,0.47,0.17,-0.96,0.09,0.09,3.3,Swift,UVOT,U,0,7.4,1.8,2.415e+17,864000000000000.0,-0.4893444251312685,0.10428607544600436,0.11835035534425942
ID-060313,3.0555555555555554,270.0,0.44,0.16,-0.96,0.09,0.09,3.3,Swift,UVOT,U,0,7.4,1.8,2.415e+17,864000000000000.0,-0.501053524920811,0.10453806080996725,0.11888912255325504
ID-060313,3.0555555555555554,380.0,0.35,0.13,-0.96,0.09,0.09,3.3,Swift,UVOT,U,0,7.4,1.8,2.415e+17,864000000000000.0,-0.5416783182137669,0.1055495943678964,0.12107630002376847
ID-060313,3.3333333333333335,340.0,0.36,0.13,-0.96,0.09,0.09,3.3,Swift,UVOT,U,0,7.4,1.8,2.415e+17,864000000000000.0,-0.5366773210544367,0.10420900852093679,0.11818605763784887
ID-060313,3.3333333333333335,460.0,0.37,0.12,-0.96,0.09,0.09,3.3,Swift,UVOT,U,0,7.4,1.8,2.415e+17,864000000000000.0,-0.5318133549008338,0.09934504236733387,0.10824781547051286
ID-060313,4.444444444444445,600.0,0.19,0.069,-0.96,0.09,0.09,4.5,Swift,UVOT,B,0,12.2,5.8,2.415e+17,683000000000000.0,-0.7092834062650297,0.16273360822031083,0.14317497194360715
ID-060313,4.444444444444445,410.0,0.29,0.11,-0.96,0.09,0.09,4.5,Swift,UVOT,B,0,12.2,5.8,2.415e+17,683000000000000.0,-0.6372235066775656,0.16474099980914703,0.14755295027693988
ID-060313,4.722222222222222,410.0,0.27,0.1,-0.96,0.09,0.09,4.5,Swift,UVOT,B,0,12.2,5.8,2.415e+17,683000000000000.0,-0.6494009746769408,0.16363288229868198,0.1451159643198866
ID-060313,5.0,1100.0,0.25,0.078,-0.96,0.09,0.09,4.5,Swift,UVOT,B,0,12.2,5.8,2.415e+17,683000000000000.0,-0.6625160628815219,0.156215126230671,0.13000773009136837
ID-060313,5.0,1100.0,0.25,0.078,-0.96,0.09,0.09,6.1,Swift,UVOT,UVM2,0,3.4,1.2,2.415e+17,1330000000000000.0,-0.5017733710334745,0.1358925060201565,0.1300052951843056
ID-060313,6.111111111111111,930.0,0.11,0.043,-0.96,0.09,0.09,6.1,Swift,UVOT,UVM2,0,3.4,1.2,2.415e+17,1330000000000000.0,-0.6596029357104527,0.14712056057888812,0.15342485554260707
ID-060313,6.388888888888889,550.0,0.2,0.075,-0.96,0.09,0.09,6.1,Swift,UVOT,UVM2,0,3.4,1.2,2.415e+17,1330000000000000.0,-0.5446716461212394,0.1449090056212761,0.14846798296382704
ID-060313,6.388888888888889,1100.0,0.13,0.047,-0.96,0.09,0.09,6.1,Swift,UVOT,UVM2,0,3.4,1.2,2.415e+17,1330000000000000.0,-0.6274875909639477,0.14301761109445418,0.14437127892879634
ID-060313,6.111111111111111,930.0,0.11,0.043,-0.96,0.09,0.09,6.3,Swift,UVOT,UVW1,0,3.3,1.5,2.415e+17,1150000000000000.0,-0.6360817249556578,0.17506537016373241,0.16279478032603933
ID-060313,6.388888888888889,550.0,0.2,0.075,-0.96,0.09,0.09,6.3,Swift,UVOT,UVW1,0,3.3,1.5,2.415e+17,1150000000000000.0,-0.5242760435996662,0.1729139594401966,0.15797271213167577
ID-060313,6.388888888888889,1100.0,0.13,0.047,-0.96,0.09,0.09,6.3,Swift,UVOT,UVW1,0,3.3,1.5,2.415e+17,1150000000000000.0,-0.6048397714876393,0.17107400224020225,0.15398741980973668
ID-060313,6.111111111111111,930.0,0.11,0.043,-0.96,0.09,0.09,6.6,Swift,UVOT,U,0,8.8,2.1,2.415e+17,864000000000000.0,-0.7779134024837373,0.10697606776519963,0.12600608271686106
ID-060313,6.388888888888889,550.0,0.2,0.075,-0.96,0.09,0.09,6.6,Swift,UVOT,U,0,8.8,2.1,2.415e+17,864000000000000.0,-0.6717831905611233,0.10493386674954255,0.12142879189258153
ID-060313,6.388888888888889,1100.0,0.13,0.047,-0.96,0.09,0.09,6.6,Swift,UVOT,U,0,8.8,2.1,2.415e+17,864000000000000.0,-0.7482573501058627,0.10318730928309158,0.11764580060295066
ID-060313,7.777777777777778,780.0,0.15,0.057,-0.96,0.09,0.09,6.6,Swift,UVOT,U,0,8.8,2.1,2.415e+17,864000000000000.0,-0.7228535647217298,0.10557823645558442,0.12285469240284111
ID-060313,7.777777777777778,780.0,0.15,0.057,-0.96,0.09,0.09,9.6,Swift,UVOT,UVW1,0,3.0,1.4,2.415e+17,1150000000000000.0,-0.5602528575205271,0.177795593810309,0.16102688196427084
ID-060313,8.055555555555555,1800.0,0.089,0.031,-0.96,0.09,0.09,9.6,Swift,UVOT,UVW1,0,3.0,1.4,2.415e+17,1150000000000000.0,-0.6578755294726797,0.17345153938728328,0.1517054981187151
ID-060313,9.444444444444445,2500.0,0.061,0.022,-0.96,0.09,0.09,9.6,Swift,UVOT,UVW1,0,3.0,1.4,2.415e+17,1150000000000000.0,-0.728523539333843,0.17515552056234637,0.1552810497133132
ID-060313,8.055555555555555,1800.0,0.089,0.031,-0.96,0.09,0.09,9.8,Swift,UVOT,U,0,3.4,1.9,2.415e+17,864000000000000.0,-0.6466999331252301,0.19832334228082152,0.15482277648275855
ID-060313,9.444444444444445,2500.0,0.061,0.022,-0.96,0.09,0.09,9.8,Swift,UVOT,U,0,3.4,1.9,2.415e+17,864000000000000.0,-0.7137617153847805,0.19994082612447145,0.15821682626513664
ID-060313,11.666666666666666,6300.0,0.058,0.024,-0.96,0.09,0.09,9.8,Swift,UVOT,U,0,3.4,1.9,2.415e+17,864000000000000.0,-0.7227143850524249,0.2067416675170807,0.17362060172190277
ID-060313,24.166666666666668,59000.0,0.013,0.0054,-0.96,0.09,0.09,24.2,Gemini-S,GMOS,r,0,3.7,0.75,2.415e+17,474000000000000.0,-0.9065875668183125,0.09207292193439619,0.11572662905286635
ID-070429B,4.444444444444445,3600.0,0.024,0.0,-2.0,0.63,0.63,4.8,Gemini-S,GMOS,R,0,0.5,0.0,2.415e+17,nan,nan,nan,nan
ID-070707,11.38888888888889,22000.0,0.15,0.032,-1.86,1.58,0.57,11.0,VLT,FORS1,R,0,2.1,0.039,2.415e+17,458000000000000.0,-0.42105300709324933,0.03384264646277747,0.041219181603399026
ID-070707,113.88888888888889,190000.0,0.032,0.0,-1.86,1.58,0.57,108.0,VLT,FORS1,R,0,0.066,0.015,2.415e+17,458000000000000.0,-0.1154988945209058,0.04113579518321788,0.03267428195395467
ID-070714B,0.2361111111111111,120.0,2.0,0.64,-1.07,0.19,0.19,0.2,Liverpool,--,r,0,37.2,6.7,2.415e+17,482000000000000.0,-0.47021260233953704,0.07660258616974226,0.08867562477670043
ID-070714B,0.2361111111111111,120.0,2.0,0.64,-1.07,0.19,0.19,0.27,Liverpool,--,r,0,43.1,4.6,2.415e+17,482000000000000.0,-0.49389312324810186,0.06281430801282946,0.0783490273921137
ID-070724A,3.0555555555555554,7600.0,0.026,0.014,-0.6,0.25,0.25,2.8,Gemini-N,NIRI,K_s,0,9.3,1.5,2.415e+17,139000000000000.0,-0.7881440045674691,0.08132189244962054,0.12368672491999966
ID-070724A,3.0555555555555554,7600.0,0.026,0.014,-0.6,0.25,0.25,3.1,Gemini-N,NIRI,J,0,3.4,0.3,2.415e+17,240000000000000.0,-0.7048660921938852,0.07566637380848609,0.12405973884079492
ID-070724A,3.0555555555555554,7600.0,0.026,0.014,-0.6,0.25,0.25,3.4,Gemini-N,NIRI,H,0,7.8,0.44,2.415e+17,182000000000000.0,-0.7932256202593638,0.06798396363544773,0.11515929381510685
ID-070724A,3.0555555555555554,7600.0,0.026,0.014,-0.6,0.25,0.25,3.7,Gemini-N,NIRI,K_s,0,8.9,1.5,2.415e+17,139000000000000.0,-0.7822509436243207,0.08248548957720979,0.12452086294070389
ID-080503,108.33333333333333,32000.0,0.0021,0.0009599999999999999,-1.53,0.26,0.12,97.1,Gemini-N,GMOS,r,0,0.13,0.025,2.415e+17,476000000000000.0,-0.6622989368284679,0.09472340238646704,0.1263081740083221
ID-080503,108.33333333333333,32000.0,0.0021,0.0009599999999999999,-1.53,0.26,0.12,125.0,Gemini-N,NIRI,K_s,0,0.7,0.0,2.415e+17,139000000000000.0,-0.7786897518964996,0.050465142109311883,0.08188964233426084
ID-080503,108.33333333333333,32000.0,0.0021,0.0009599999999999999,-1.53,0.26,0.12,128.6,HST,WFPC2,F606W,0,0.011000000000000001,0.0,2.415e+17,507000000000000.0,-0.2685577976040808,0.061055891375260206,0.09907522099689009
ID-090510,11.38888888888889,76000.0,0.004,0.0013,-0.75,0.08,0.08,9.5,ESO/MPG,GROND,r,0,1.5,0.4,2.415e+17,482000000000000.0,-0.9533907837759146,0.09515807907578822,0.10124878577868984
ID-090510,11.38888888888889,76000.0,0.004,0.0013,-0.75,0.08,0.08,9.7,ESO/MPG,GROND,r,0,0.88,0.47,2.415e+17,482000000000000.0,-0.8676056983468606,0.16812464208299283,0.1320609180160107
ID-090510,11.38888888888889,76000.0,0.004,0.0013,-0.75,0.08,0.08,9.8,ESO/MPG,GROND,r,0,1.2,0.41,2.415e+17,482000000000000.0,-0.9174964594078011,0.11251283288946895,0.11050193026006207
ID-100117A,8.61111111111111,360000.0,0.0022,0.00072,-1.6,0.3,0.3,8.3,Gemini-N,GMOS,r,0,0.24,0.05,2.415e+17,476000000000000.0,-0.7532550515543532,0.08295455835257773,0.0940179515356183
ID-110112A,12.5,23000.0,0.0073,0.0031,-1.2,0.2,0.2,15.4,WHT,ACAM,i,0,2.8,0.75,2.415e+17,389000000000000.0,-0.9251218068194366,0.10351522027017025,0.12285996428080664
ID-111020A,19.166666666666668,14000.0,0.031,0.0024,-1.04,0.16,0.16,17.8,Magellan/Clay,LDSS3,r,0,0.83,0.0,2.415e+17,472000000000000.0,-0.5270319314967763,0.01195462170970293,0.012918413400813103
ID-111020A,19.166666666666668,14000.0,0.031,0.0024,-1.04,0.16,0.16,17.8,Gemini-S,GMOS,i,0,0.63,0.0,2.415e+17,384000000000000.0,-0.4673713430090133,0.011571834494428676,0.012504765557197503
ID-111020A,19.166666666666668,14000.0,0.031,0.0024,-1.04,0.16,0.16,18.5,VLT,HAWK-I,J,0,0.57,0.0,2.415e+17,238000000000000.0,-0.4206154616429344,0.01077215852482202,0.011640619036049946
ID-111117A,15.277777777777779,190000.0,0.004,0.0014,-1.0,0.2,0.2,13.7,Gemini-S,GMOS,r,0,0.23,0.0,2.415e+17,474000000000000.0,-0.6500102059676283,0.04814447224210016,0.06910862635204819
ID-120804A,4.722222222222222,2500.0,0.2,0.051,-1.1,0.1,0.1,5.5,Gemini-N,GMOS,i,0,0.17,0.04,2.415e+17,384000000000000.0,0.025220263567877637,0.07687785965918124,0.07847323884756204
ID-120804A,6.388888888888889,2600.0,0.11,0.021,-1.1,0.1,0.1,5.5,Gemini-N,GMOS,i,0,0.17,0.04,2.415e+17,384000000000000.0,-0.06755420139001911,0.06874335314561816,0.0656663964343613
ID-130603B,1.7222222222222223,110.0,1.1,0.34,-1.2,0.1,0.1,2.1,Swift,UVOT,V,0,54.0,0.0,2.415e+17,548000000000000.0,-0.6395286422145102,0.04423743008286357,0.060730256635882454
ID-130603B,1.7222222222222223,65.0,2.0,0.59,-1.2,0.1,0.1,2.1,Swift,UVOT,V,0,54.0,0.0,2.415e+17,548000000000000.0,-0.5413350342128752,0.042459897650786255,0.0574141609597292
ID-130603B,1.75,59.0,2.1,0.59,-1.2,0.1,0.1,2.1,Swift,UVOT,V,0,54.0,0.0,2.415e+17,548000000000000.0,-0.5333213411013192,0.04066846857306928,0.054173581163787204
ID-130603B,1.7777777777777777,91.0,1.4,0.42,-1.2,0.1,0.1,2.1,Swift,UVOT,V,0,54.0,0.0,2.415e+17,548000000000000.0,-0.5999182259271023,0.0430928391956274,0.058583191714227115
ID-130603B,1.8055555555555556,120.0,1.5,0.4,-1.2,0.1,0.1,2.1,Swift,UVOT,V,0,54.0,0.0,2.415e+17,548000000000000.0,-0.5885862759656006,0.038826414189631134,0.05094236624890956
ID-130603B,2.7222222222222223,91.0,1.3,0.36,-1.2,0.1,0.1,2.4,Swift,UVOT,B,0,17.2,4.5,2.415e+17,683000000000000.0,-0.4400967883568652,0.09334502444391,0.0948585929605354
ID-130603B,2.75,140.0,0.83,0.23,-1.2,0.1,0.1,2.4,Swift,UVOT,B,0,17.2,4.5,2.415e+17,683000000000000.0,-0.5165596224928567,0.09336975948167626,0.09490228275500408
ID-130603B,2.7777777777777777,170.0,0.71,0.19,-1.2,0.1,0.1,2.4,Swift,UVOT,B,0,17.2,4.5,2.415e+17,683000000000000.0,-0.5431712915622078,0.09209700424903222,0.09267672071840158
ID-130603B,4.722222222222222,2000.0,0.21,0.056,-1.2,0.1,0.1,5.9,NOT,MOSCA,r,0,12.6,0.23,2.415e+17,441000000000000.0,-0.6493208622093711,0.0404104635263987,0.05205616285833013
ID-130603B,5.833333333333333,450.0,0.19,0.048,-1.2,0.1,0.1,5.9,NOT,MOSCA,r,0,12.6,0.23,2.415e+17,441000000000000.0,-0.6651930675441968,0.038643429126510906,0.04904963306796415
ID-130603B,6.111111111111111,460.0,0.19,0.047,-1.2,0.1,0.1,5.9,NOT,MOSCA,r,0,12.6,0.23,2.415e+17,441000000000000.0,-0.6651930675441968,0.037975682048728254,0.04793671834862839
ID-130603B,5.833333333333333,450.0,0.19,0.048,-1.2,0.1,0.1,6.1,WHT,ACAM,z,0,25.4,1.4,2.415e+17,306000000000000.0,-0.7338406961434162,0.04226356909486535,0.051693550951270234
ID-130603B,6.111111111111111,460.0,0.19,0.047,-1.2,0.1,0.1,6.1,WHT,ACAM,z,0,25.4,1.4,2.415e+17,306000000000000.0,-0.7338406961434162,0.04163240322609915,0.05064160507376105
ID-130603B,5.833333333333333,450.0,0.19,0.048,-1.2,0.1,0.1,6.6,WHT,ACAM,i,0,16.4,0.88,2.415e+17,389000000000000.0,-0.6932018448804402,0.04360075287563151,0.05340740444055212
ID-130603B,6.111111111111111,460.0,0.19,0.047,-1.2,0.1,0.1,6.6,WHT,ACAM,i,0,16.4,0.88,2.415e+17,389000000000000.0,-0.6932018448804402,0.04294603311097133,0.05231620196678029
ID-130603B,7.777777777777778,1100.0,0.077,0.029,-1.2,0.1,0.1,6.6,WHT,ACAM,i,0,16.4,0.88,2.415e+17,389000000000000.0,-0.8336484741514979,0.058277537869760664,0.0816154771355499
ID-130603B,5.833333333333333,450.0,0.19,0.048,-1.2,0.1,0.1,6.7,CAHA,DLR-MKIII,V,0,8.3,0.73,2.415e+17,555000000000000.0,-0.621659015059714,0.05222629713180901,0.061803009870037916
ID-130603B,6.111111111111111,460.0,0.19,0.047,-1.2,0.1,0.1,6.7,CAHA,DLR-MKIII,V,0,8.3,0.73,2.415e+17,555000000000000.0,-0.621659015059714,0.05153328026351181,0.06064797872256061
ID-130603B,7.777777777777778,1100.0,0.077,0.029,-1.2,0.1,0.1,6.7,CAHA,DLR-MKIII,V,0,8.3,0.73,2.415e+17,555000000000000.0,-0.7703209135298876,0.06776158432232489,0.09166108236909216
ID-130603B,5.833333333333333,450.0,0.19,0.048,-1.2,0.1,0.1,7.0,GTC,OSIRIS,r,0,11.0,0.2,2.415e+17,468000000000000.0,-0.649779829901515,0.038999301712825604,0.0495049271071486
ID-130603B,6.111111111111111,460.0,0.19,0.047,-1.2,0.1,0.1,7.0,GTC,OSIRIS,r,0,11.0,0.2,2.415e+17,468000000000000.0,-0.649779829901515,0.03832520195789667,0.04838142456476045
ID-130603B,7.777777777777778,1100.0,0.077,0.029,-1.2,0.1,0.1,7.0,GTC,OSIRIS,r,0,11.0,0.2,2.415e+17,468000000000000.0,-0.7943837405858941,0.054110525936860734,0.07854797104303113
ID-130603B,5.833333333333333,450.0,0.19,0.048,-1.2,0.1,0.1,7.1,WHT,ACAM,g,0,6.3,0.34,2.415e+17,392000000000000.0,-0.5450853218215563,0.043703860059711976,0.05351703606730073
ID-130603B,6.111111111111111,460.0,0.19,0.047,-1.2,0.1,0.1,7.1,WHT,ACAM,g,0,6.3,0.34,2.415e+17,392000000000000.0,-0.5450853218215563,0.04304835723450324,0.05242452848918681
ID-130603B,7.777777777777778,1100.0,0.077,0.029,-1.2,0.1,0.1,7.1,WHT,ACAM,g,0,6.3,0.34,2.415e+17,392000000000000.0,-0.6856999286312464,0.05839819884086432,0.08175884629409591
ID-130603B,7.777777777777778,1100.0,0.077,0.029,-1.2,0.1,0.1,7.9,Gemini-S,GMOS,g,0,5.3,0.19,2.415e+17,631000000000000.0,-0.7115234202648277,0.0598826286627416,0.08538735778955092
ID-130603B,7.777777777777778,1100.0,0.077,0.029,-1.2,0.1,0.1,8.2,Magellan/Baade,IMACS,r,0,8.6,0.14,2.415e+17,451000000000000.0,-0.7505322166451153,0.05348373116155127,0.07778770533041575
ID-130603B,7.777777777777778,1100.0,0.077,0.029,-1.2,0.1,0.1,9.0,Gemini-S,GMOS,i,0,12.3,1.2,2.415e+17,384000000000000.0,-0.7873313368107528,0.06553212179141063,0.0877865295867571
ID-130603B,10.0,5900.0,0.038,0.011,-1.2,0.1,0.1,9.0,Gemini-S,GMOS,i,0,12.3,1.2,2.415e+17,384000000000000.0,-0.8969249452759525,0.055383190300049824,0.0674799686477538
ID-130603B,11.666666666666666,5500.0,0.054,0.014,-1.2,0.1,0.1,14.4,Gemini-N,GMOS,z,0,6.5,0.18,2.415e+17,308000000000000.0,-0.718816934669769,0.038803459894536874,0.049128843333219374
ID-130603B,13.333333333333334,6700.0,0.021,0.0056,-1.2,0.1,0.1,14.4,Gemini-N,GMOS,z,0,6.5,0.18,2.415e+17,308000000000000.0,-0.8605317025218918,0.03968351053274299,0.050636878174426775
ID-130603B,11.666666666666666,5500.0,0.054,0.014,-1.2,0.1,0.1,14.5,UKIRT,WFCAM,K,0,13.7,1.3,2.415e+17,136000000000000.0,-0.7399344242428839,0.044135839188632606,0.05222674879733058
ID-130603B,13.333333333333334,6700.0,0.021,0.0056,-1.2,0.1,0.1,14.5,UKIRT,WFCAM,K,0,13.7,1.3,2.415e+17,136000000000000.0,-0.8661661019578627,0.04491973962624131,0.05357002283251718
ID-130603B,13.333333333333334,6700.0,0.021,0.0056,-1.2,0.1,0.1,14.6,Gemini-N,GMOS,i,0,4.5,0.12,2.415e+17,384000000000000.0,-0.8329182284926615,0.04087805370926048,0.052214954387676156
ID-130603B,13.333333333333334,6700.0,0.021,0.0056,-1.2,0.1,0.1,14.7,UKIRT,WFCAM,J,0,9.3,1.3,2.415e+17,240000000000000.0,-0.8812929896523555,0.055967953381606615,0.0637829669002197
ID-130603B,13.333333333333334,6700.0,0.021,0.0056,-1.2,0.1,0.1,14.8,Gemini-N,GMOS,r,0,2.9,0.08,2.415e+17,476000000000000.0,-0.7911028898329382,0.04243921167527174,0.05415898000522772
ID-130603B,13.333333333333334,6700.0,0.021,0.0056,-1.2,0.1,0.1,15.0,Gemini-N,GMOS,g,0,1.6,0.06,2.415e+17,631000000000000.0,-0.7286033506846824,0.046173745848352474,0.05834038965645049
ID-130603B,41.666666666666664,210000.0,0.004,0.0088,-1.2,0.1,0.1,38.2,Gemini-N,GMOS,g,0,0.19,0.0,2.415e+17,631000000000000.0,-0.6491546498095031,0.19557565878175182,nan
ID-130603B,41.666666666666664,210000.0,0.004,0.0088,-1.2,0.1,0.1,38.4,Gemini-N,GMOS,r,0,0.21,0.05,2.415e+17,476000000000000.0,-0.6358454992029368,0.23037997434090254,nan
ID-130603B,41.666666666666664,210000.0,0.004,0.0088,-1.2,0.1,0.1,38.6,Gemini-N,GMOS,i,0,0.48,0.0,2.415e+17,384000000000000.0,-0.7429399390897055,0.1805018657404534,nan
ID-130603B,41.666666666666664,210000.0,0.004,0.0088,-1.2,0.1,0.1,38.6,UKIRT,WFCAM,J,0,3.6,0.0,2.415e+17,240000000000000.0,-0.9838600963072966,0.1682315871941653,nan
ID-130912A,0.26944444444444443,95.0,5.6,1.3,-0.57,0.13,0.13,0.27,ESO/MPG,GROND,r,0,10.5,2.1,2.415e+17,482000000000000.0,-0.10111644718847318,0.06947411172042921,0.07181857293821726
ID-130912A,0.3055555555555556,100.0,2.7,0.6,-0.57,0.13,0.13,0.27,ESO/MPG,GROND,r,0,10.5,2.1,2.415e+17,482000000000000.0,-0.2184644126394828,0.06817372026224289,0.06975362099550966
ID-130912A,0.3055555555555556,100.0,2.7,0.6,-0.57,0.13,0.13,0.38,P60,--,r,0,13.0,2.6,2.415e+17,480000000000000.0,-0.2526504340235362,0.06812815293012668,0.06970699765733795
ID-130912A,0.3333333333333333,100.0,1.3,0.3,-0.57,0.13,0.13,0.38,P60,--,r,0,13.0,2.6,2.415e+17,480000000000000.0,-0.370140623028433,0.06924836673251171,0.0714832591570363
ID-130912A,0.3611111111111111,110.0,1.3,0.29,-0.57,0.13,0.13,0.38,P60,--,r,0,13.0,2.6,2.415e+17,480000000000000.0,-0.370140623028433,0.06824052625180145,0.06988374317279024
ID-130912A,0.3888888888888889,95.0,1.4,0.31,-0.57,0.13,0.13,0.38,P60,--,r,0,13.0,2.6,2.415e+17,480000000000000.0,-0.3582277642733697,0.06802373588838484,0.06954305064658482
ID-130912A,0.4166666666666667,180.0,1.6,0.26,-0.57,0.13,0.13,0.38,P60,--,r,0,13.0,2.6,2.415e+17,480000000000000.0,-0.33676258888841687,0.060074924126725465,0.05781464404039918
ID-131004A,3.0555555555555554,1500.0,0.23,0.049,-0.8,0.3,0.3,2.8,ESO/MPG,GROND,g,0,6.0,0.58,2.415e+17,629000000000000.0,-0.5480949507502708,0.04954145852000899,0.05576975321870586
ID-131004A,3.0555555555555554,1500.0,0.23,0.049,-0.8,0.3,0.3,2.8,ESO/MPG,GROND,r,0,9.6,0.93,2.415e+17,482000000000000.0,-0.6002301365956428,0.04745728432227749,0.05341234730613366
ID-131004A,3.0555555555555554,1500.0,0.23,0.049,-0.8,0.3,0.3,2.8,ESO/MPG,GROND,i,0,13.1,1.3,2.415e+17,393000000000000.0,-0.629559972059353,0.04635629046067361,0.052049194180899976
ID-131004A,3.0555555555555554,1500.0,0.23,0.049,-0.8,0.3,0.3,2.8,ESO/MPG,GROND,z,0,14.0,1.4,2.415e+17,328000000000000.0,-0.622383416751387,0.04521517279024773,0.05072889786635833
ID-131004A,3.0555555555555554,1500.0,0.23,0.049,-0.8,0.3,0.3,2.8,ESO/MPG,GROND,J,0,46.5,7.4,2.415e+17,242000000000000.0,-0.7688052271593396,0.053066742979340484,0.05607848162327137
ID-131004A,3.0555555555555554,1500.0,0.23,0.049,-0.8,0.3,0.3,2.8,ESO/MPG,GROND,H,0,34.0,6.9,2.415e+17,195000000000000.0,-0.7015303893312612,0.05896958323660853,0.059586373132444435
ID-131004A,3.0555555555555554,1500.0,0.23,0.049,-0.8,0.3,0.3,2.8,ESO/MPG,GROND,K,0,47.3,0.0,2.415e+17,138000000000000.0,-0.7132612291296533,0.025863516245201525,0.03208388541434386
ID-131004A,6.666666666666667,18000.0,0.055,0.015,-0.8,0.3,0.3,7.3,Johnson,RATIR,r,0,1.6,0.0,2.415e+17,480000000000000.0,-0.5417960364532773,0.03876680789457892,0.05119144686578073
ID-131004A,6.666666666666667,18000.0,0.055,0.015,-0.8,0.3,0.3,7.3,Johnson,RATIR,i,0,1.9,0.0,2.415e+17,389000000000000.0,-0.5508087340301232,0.03749966630616213,0.04951819041734537
ID-131004A,6.666666666666667,18000.0,0.055,0.015,-0.8,0.3,0.3,7.3,Johnson,RATIR,Z,0,2.9,0.0,2.415e+17,341000000000000.0,-0.60418841159936,0.03674714726239331,0.04852449140685845
ID-131004A,6.666666666666667,18000.0,0.055,0.015,-0.8,0.3,0.3,7.3,Johnson,RATIR,Y,0,4.8,0.0,2.415e+17,299000000000000.0,-0.667600396878117,0.03602562440120495,0.04757172275715658
ID-131004A,6.666666666666667,18000.0,0.055,0.015,-0.8,0.3,0.3,7.3,Johnson,RATIR,J,0,3.6,0.0,2.415e+17,240000000000000.0,-0.6047677913708002,0.03488032269529388,0.04605935548712315
ID-131004A,6.666666666666667,18000.0,0.055,0.015,-0.8,0.3,0.3,7.3,Johnson,RATIR,H,0,3.6,0.0,2.415e+17,183000000000000.0,-0.5819450636147621,0.03356400902866649,0.04432116746537272
ID-140903A,11.666666666666666,6000.0,0.13,0.034,-0.6,0.1,0.1,12.2,DCT,LMI,r,0,7.6,3.1,2.415e+17,480000000000000.0,-0.6539904514343565,0.1215917773573498,0.10372906125010202
ID-140903A,12.777777777777779,480.0,0.21,0.052,-0.6,0.1,0.1,12.2,DCT,LMI,r,0,7.6,3.1,2.415e+17,480000000000000.0,-0.5768990643425622,0.11980825507804319,0.10072725355931278
ID-140930B,2.6944444444444446,7700.0,0.05,0.0087,-0.73,0.28,0.28,3.0,WHT,ACAM,r,0,7.4,0.0,2.415e+17,468000000000000.0,-0.8000459656815253,0.02568246929642223,0.03060450163279586
ID-141212A,5.833333333333333,29000.0,0.0091,0.0035,-1.7,2.75,0.81,5.4,CAHA-1.23m,--,I,0,11.1,0.0,2.415e+17,338000000000000.0,-1.081387917402739,0.04951966757702479,0.07387993454490818
ID-150101B,191.66666666666666,15000.0,0.011,0.0011,-0.67,0.17,0.17,231.0,TNG,NICS,J,0,7.59,0.0,2.415e+17,234000000000000.0,-0.9419809162124759,0.013734833463695433,0.01518315398397405
ID-150120A,2.3055555555555554,12000.0,0.031,0.0,-1.0,0.31,0.31,2.0,Gemini-N,GMOS,r,0,0.36,0.0,2.415e+17,476000000000000.0,-0.3936483194696862,0.0,0.0